-- MariaDB dump 10.19  Distrib 10.4.24-MariaDB, for Win64 (AMD64)
--
-- Host: localhost    Database: batdongsan
-- ------------------------------------------------------
-- Server version	10.4.24-MariaDB

/*!40101 SET @OLD_CHARACTER_SET_CLIENT=@@CHARACTER_SET_CLIENT */;
/*!40101 SET @OLD_CHARACTER_SET_RESULTS=@@CHARACTER_SET_RESULTS */;
/*!40101 SET @OLD_COLLATION_CONNECTION=@@COLLATION_CONNECTION */;
/*!40101 SET NAMES utf8mb4 */;
/*!40103 SET @OLD_TIME_ZONE=@@TIME_ZONE */;
/*!40103 SET TIME_ZONE='+00:00' */;
/*!40014 SET @OLD_UNIQUE_CHECKS=@@UNIQUE_CHECKS, UNIQUE_CHECKS=0 */;
/*!40014 SET @OLD_FOREIGN_KEY_CHECKS=@@FOREIGN_KEY_CHECKS, FOREIGN_KEY_CHECKS=0 */;
/*!40101 SET @OLD_SQL_MODE=@@SQL_MODE, SQL_MODE='NO_AUTO_VALUE_ON_ZERO' */;
/*!40111 SET @OLD_SQL_NOTES=@@SQL_NOTES, SQL_NOTES=0 */;

--
-- Table structure for table `bai_viet`
--

DROP TABLE IF EXISTS `bai_viet`;
/*!40101 SET @saved_cs_client     = @@character_set_client */;
/*!40101 SET character_set_client = utf8 */;
CREATE TABLE `bai_viet` (
  `ID_bai_viet` int(10) NOT NULL AUTO_INCREMENT,
  `ten_bai_viet` varchar(100) NOT NULL,
  `hinh_bai_viet` text NOT NULL,
  `noi_dung` text NOT NULL,
  `ten_dang_nhap` varchar(50) NOT NULL,
  `trang_thai` tinytext NOT NULL,
  `ngay` date NOT NULL,
  `luot_xem` int(10) NOT NULL,
  PRIMARY KEY (`ID_bai_viet`),
  KEY `ten_dang_nhap` (`ten_dang_nhap`),
  CONSTRAINT `bai_viet_ibfk_1` FOREIGN KEY (`ten_dang_nhap`) REFERENCES `khach_hang` (`ten_dang_nhap`) ON DELETE CASCADE ON UPDATE CASCADE
) ENGINE=InnoDB AUTO_INCREMENT=31 DEFAULT CHARSET=utf8mb4;
/*!40101 SET character_set_client = @saved_cs_client */;

--
-- Dumping data for table `bai_viet`
--

LOCK TABLES `bai_viet` WRITE;
/*!40000 ALTER TABLE `bai_viet` DISABLE KEYS */;
INSERT INTO `bai_viet` VALUES (13,'Review dự án Astral City Bình Dương: Siêu phẩm1','1605243134396.jpg','<h3>Astral City B&igrave;nh Dương c&oacute; vị tr&iacute; đẹp nằm&nbsp;ở trung t&acirc;m Th&agrave;nh phố Thuận An.&nbsp;Dự &aacute;n&nbsp;được đầu tư b&agrave;i bản bởi sự kết hợp giữa Tập đo&agrave;n Ph&aacute;t Đạt v&agrave; Tập đo&agrave;n Danh Kh&ocirc;i.&nbsp;Dự &aacute;n&nbsp;đang khuấy động thị trường&nbsp;căn hộ B&igrave;nh Dương&nbsp;bởi những ch&iacute;nh s&aacute;ch hấp dẫn.</h3>\r\n\r\n<p><img alt=\"\" src=\"https://cdn.houseviet.vn/images/13112020/1605243134396.jpg\" style=\"height:420px; width:747px\" /></p>\r\n\r\n<p>Phối cảnh&nbsp;<strong>dự &aacute;n</strong>&nbsp;Astral City B&igrave;nh Dương</p>\r\n\r\n<p>Nằm ngay tr&ecirc;n mặt tiền đường Quốc lộ 13,&nbsp;<a href=\"https://houseviet.vn/review-bat-dong-san/review-du-an-astral-city-binh-duong-sieu-pham\">Astral City B&igrave;nh Dương</a>&nbsp;l&agrave; dự &aacute;n c&oacute; quy m&ocirc; bậc nhất B&igrave;nh Dương hiện nay. Dự &aacute;n nằm ngay kế b&ecirc;n Aeon Mall B&igrave;nh Dương v&agrave; Lotte Mart B&igrave;nh Dương, l&agrave; hai trung t&acirc;m thương mại v&agrave; si&ecirc;u thị lớn nhất của B&igrave;nh Dương. Từ đ&acirc;y, cư d&acirc;n sống ở Astral City c&oacute; thể di chuyển đến nơi l&agrave;m việc ở Th&agrave;nh phố Hồ Ch&iacute; Minh m&agrave; kh&ocirc;ng lo tắc đường. Khoảng c&aacute;ch từ dự &aacute;n đến trung t&acirc;m Th&agrave;nh phố Thủ Dầu Một cũng rất gần, chỉ mất khoảng 10 ph&uacute;t. Khu c&ocirc;ng nghiệp lớn quan trọng như Vsip 1 cũng c&aacute;ch&nbsp;<strong>dự &aacute;n</strong>&nbsp;chưa đến 5 ph&uacute;t chạy xe.</p>\r\n\r\n<p>Ngo&agrave;i ra, từ vị tr&iacute; n&agrave;y c&oacute; thể dễ d&agrave;ng kết nối với c&aacute;c tuyến đường huyết mạch của tỉnh B&igrave;nh Dương như DT743, Quốc lộ 1A, Cao tốc Mỹ Phước &ndash; T&acirc;n Vạn.</p>\r\n\r\n<p>Tuy nhi&ecirc;n, v&igrave; thuộc mặt tiền đường Quốc lộ 13, dự &aacute;n tồn tại điểm hạn chế l&agrave; hơi bụi v&agrave; ồn đối với d&atilde;y block ph&iacute;a trước.</p>\r\n\r\n<p><img alt=\"\" src=\"https://cdn.houseviet.vn/images/13112020/1605243181537.jpg\" style=\"height:430px; width:765px\" /></p>\r\n\r\n<h2><strong>Thiết kế&nbsp;<strong>căn hộ cao cấp</strong>&nbsp;Astral City B&igrave;nh Dương c&oacute; g&igrave; nổi bật?</strong></h2>\r\n\r\n<p>Với &yacute; tưởng thiết kế lấy cảm hứng từ những v&igrave; sao tinh t&uacute;, Astral City mang đến biểu tượng đỉnh cao của Th&agrave;nh phố trẻ Thuận An, B&igrave;nh Dương. C&aacute;c block được thiết kế cao, c&acirc;n đối, h&agrave;i h&ograve;a nhưng vẫn nổi bật c&aacute;c đường n&eacute;t tạo n&ecirc;n một tổng thể vững ch&atilde;i, truyền năng lượng t&iacute;ch cực cho kh&ocirc;ng gian xung quanh.</p>\r\n\r\n<h2><strong>Gi&aacute; b&aacute;n của căn hộ Astral City c&oacute; cao kh&ocirc;ng?</strong></h2>\r\n\r\n<p>Mức gi&aacute; ch&agrave;o b&aacute;n của căn hộ dự &aacute;n Astral City kh&aacute; cao, khoảng từ 1,65 tỷ/ căn. Đ&acirc;y được xem l&agrave; mức gi&aacute; kh&aacute; cao so với thị trường&nbsp;<a href=\"https://houseviet.vn/ban-can-ho-chung-cu\" target=\"_blank\">căn hộ chung cư</a>&nbsp;tại B&igrave;nh Dương. V&igrave; l&agrave; căn hộ cao cấp, c&oacute; t&iacute;nh đột ph&aacute; trong năm 2020 so với c&aacute;c dự &aacute;n kh&aacute;c trong c&ugrave;ng khu vực n&ecirc;n đ&acirc;y được cho l&agrave; mức gi&aacute; hợp l&yacute;, tương xứng với gi&aacute; trị của căn hộ tiện nghi mang t&iacute;nh thượng lưu n&agrave;y.</p>\r\n','admin','true','2021-12-12',20),(14,'Review dự án King Crown Infinity: Trung tâm thành phố','1605243134396.jpg','<p><strong>King Crown Infinity Thủ Đức l&agrave;&nbsp;dự &aacute;n căn hộ&nbsp;cao cấp được đầu tư x&acirc;y dựng bởi C&ocirc;ng ty Cổ phần Đầu tư Thương mại Dịch vụ Gia Khang.&nbsp;Dự &aacute;n&nbsp;tọa lạc tại số 218 đường V&otilde; Văn Ng&acirc;n, phường B&igrave;nh Thọ, quận Thủ Đức, TP.HCM. S&aacute;t b&ecirc;n Vincom Thủ Đức.</strong></p>\n\n<p><strong><img alt=\"\" src=\"https://cdn.houseviet.vn/images/18112020/1605665352720.jpg\" style=\"height:535px; width:763px\" /></strong></p>\n\n<h2><strong>C&oacute; n&ecirc;n đầu tư v&agrave;o King Crown Infinity?</strong></h2>\n\n<p>King Crown Infinity l&agrave; tổ hợp thương mại dịch vụ v&agrave;&nbsp;căn hộ cao cấp&nbsp;được triển khai x&acirc;y dựng v&agrave;o giữa th&aacute;ng 10 năm 2020. Đ&acirc;y l&agrave;&nbsp;<strong>dự &aacute;n</strong>&nbsp;hiếm hoi duy nhất được ph&aacute;t triển nằm tr&ecirc;n mặt đường V&otilde; Văn Ng&acirc;n sầm uất của Th&agrave;nh phố Thủ Đức. Mặt bằng King Crown Infinity thuộc quỹ đất đẹp n&ecirc;n khả năng tăng gi&aacute; của&nbsp;<strong>căn hộ</strong>&nbsp;trong tương lai gần rất cao.</p>\n\n<p>B&ecirc;n cạnh đ&oacute;, dự &aacute;n n&agrave;y c&ograve;n nằm liền kề với trung t&acirc;m thương mại Vincom Thủ Đức, nơi c&oacute; nhiều người qua lại, gh&eacute; mua sắm th&igrave; khả năng phổ biến th&ocirc;ng tin dự &aacute;n sẽ rộng lớn hơn so với&nbsp;<strong>dự &aacute;n</strong>&nbsp;kh&aacute;c thuộc c&ugrave;ng khu vực.</p>\n\n<h2><strong>Kiến tr&uacute;c&nbsp;<strong>dự &aacute;n</strong>&nbsp;King Crown Infinity c&oacute; g&igrave; đặc biệt?</strong></h2>\n\n<p>Dự &aacute;n c&oacute; thiết kế double nghĩa l&agrave; 2 block đối mặt v&agrave;o nhau tạo th&agrave;nh tổng thể tuy 2 m&agrave; 1. Mỗi block gồm 30 tầng, từ tầng 1 đến tầng 4 l&agrave; shophouse.&nbsp;Officetel&nbsp;l&agrave; từ tầng 6 đến tầng 9. Từ tầng 10 đến tầng 29 l&agrave; căn hộ. Tr&ecirc;n c&ugrave;ng l&agrave; penhouse. Đặc biệt để ri&ecirc;ng tầng 13 l&agrave;m tầng l&aacute;nh nạn khi gặp sự cố. Ngo&agrave;i ra c&ograve;n c&oacute; 3 tầng hầm để xe v&agrave; 2 hầm thương mại. Mỗi&nbsp;<strong>căn hộ</strong>&nbsp;được trang bị nội thất đến từ ch&acirc;u &Acirc;u, tối giản nhưng sang trọng.</p>\n\n<p><img alt=\"\" src=\"https://cdn.houseviet.vn/images/18112020/1605665367679.jpg\" style=\"height:360px; width:719px\" /></p>\n\n<h2><strong>Tiện &iacute;ch nội khu King Crown Infinity kh&aacute; ho&agrave;n hảo</strong></h2>\n\n<p>Cũng tương tự c&aacute;c dự &aacute;n trong khu vực, chủ đầu tư C&ocirc;ng ty cổ phần đầu tư thương mại dịch vụ Gia Khang rất ch&uacute; trọng mảng tiện &iacute;ch phục vụ cho cư d&acirc;n dự &aacute;n. C&ocirc;ng vi&ecirc;n xanh rộng lớn tạo kh&ocirc;ng gian sống trong l&agrave;nh v&agrave; m&aacute;t mẻ. Hồ bơi v&ocirc; cực l&agrave; nơi thư gi&atilde;n l&yacute; tưởng cho cả gia đ&igrave;nh v&agrave;o những ng&agrave;y nghỉ cuối tuần. Trẻ em được vui chơi ở s&acirc;n chơi d&agrave;nh ri&ecirc;ng cho c&aacute;c bạn nhỏ. Khu vực đọc s&aacute;ch l&agrave; lựa chọn cho những ai th&iacute;ch kh&ocirc;ng gian y&ecirc;n tĩnh. Với những chị em th&iacute;ch mua sắm, th&igrave; chẳng cần đi đ&acirc;u xa v&igrave; đ&atilde; c&oacute; trung t&acirc;m thương mại cao cấp ngay trong King Crown Infinity.</p>\n\n<p><img alt=\"\" src=\"https://cdn.houseviet.vn/images/18112020/1605665382455.jpg\" style=\"height:430px; width:765px\" /></p>\n\n<h2><strong>Mức gi&aacute; b&aacute;n căn hộ King Crown Infinity c&oacute; hợp l&yacute;?</strong></h2>\n\n<p>Kh&aacute;c một ch&uacute;t so với những dự &aacute;n trước đ&acirc;y, chủ đầu tư đưa ra gi&aacute; b&aacute;n bằng Đ&ocirc; la, cụ thể 4.000$/ m&sup2;. So với 1 số nh&agrave; đầu tư th&igrave; họ cho rằng mức gi&aacute; n&agrave;y thuộc h&agrave;ng cao ở Th&agrave;nh phố mới Thủ Đức. Thế nhưng nếu x&eacute;t về tổng quan dự &aacute;n, tiện &iacute;ch nội khu được xếp v&agrave;o h&agrave;ng cao cấp, tiện nghi đầy đủ của mỗi căn hộ th&igrave; mức gi&aacute; n&agrave;y kh&aacute; hợp l&yacute;.</p>\n','admin','true','2021-12-12',3),(15,'Thuận Kiều Plaza xưa và nay có gì khác?','chungcu4.jpg','<h2>Từ&nbsp;<strong>dự &aacute;n</strong>&nbsp;đẳng cấp bậc nhất S&agrave;i G&ograve;n trở th&agrave;nh hoang phế</h2>\r\n\r\n<p><img alt=\"\" src=\"https://cdn.houseviet.vn/images/20032021/1616234168368.jpg\" style=\"height:470px; width:723px\" /></p>\r\n\r\n<p>V&agrave;o những năm ho&agrave;ng kim, mặt bằng trung t&acirc;m thương mại Thuận Kiều Plaza c&oacute; tỷ lệ lấp đầy l&ecirc;n tới 95%. Về sau nơi n&agrave;y bị bỏ hoang v&igrave; nhiều l&yacute; do.</p>\r\n\r\n<p><strong>T&ograve;a nh&agrave; Thuận Kiều Plaza</strong>&nbsp;c&oacute; vị tr&iacute; đắc địa, l&agrave; cửa ng&otilde; kết nối nhiều tỉnh miền T&acirc;y. Nằm gần Chợ Lớn, l&agrave; trung t&acirc;m mua sắm sầm uất của th&agrave;nh phố Hồ Ch&iacute; Minh.</p>\r\n\r\n<p>Theo nhiều chuy&ecirc;n gia&nbsp;<a href=\"https://houseviet.vn/\" target=\"_blank\">bất động sản</a>, sau khi t&ograve;a nh&agrave; ch&iacute;nh thức đi v&agrave;o hoạt động, năm 1999 hoạt động m&ocirc;i giới&nbsp;<strong>căn hộ</strong>,&nbsp;<a href=\"https://houseviet.vn/cho-thue-cua-hang-kiot\" target=\"_blank\">cho thu&ecirc; mặt bằng</a>&nbsp;thương mại diễn ra nhộn nhịp.</p>\r\n\r\n<p>&Ocirc;ng Hồ Xu&acirc;n L&yacute;, m&ocirc;i giới&nbsp;<strong>bất động sản</strong>&nbsp;tại quận 5, TP.HCM, cho biết 15 năm trước &ocirc;ng được nhiều người li&ecirc;n hệ đến xem nh&agrave; v&agrave; mặt bằng kinh doanh tại&nbsp;<strong>Thuận Kiều Plaza</strong>.</p>\r\n\r\n<p>&ldquo;V&agrave;i năm đầu, cơn sốt mặt bằng kinh doanh ở trung t&acirc;m thương mại n&agrave;y dẫn đến việc c&ograve; đất đổ về đ&acirc;y. Chỉ sau 2 năm mặt bằng của khu thương mại n&agrave;y kh&ocirc;ng c&ograve;n chỗ trống. Mức gi&aacute; 160.000 - 200.000 đồng / m2 c&aacute;ch đ&acirc;y 15 năm cũng thuộc loại đắt nhất thị trấn &rdquo;, &Ocirc;ng L&yacute; n&oacute;i.</p>\r\n\r\n<p>Theo &ocirc;ng,&nbsp;<strong>trung t&acirc;m thương mại Thuận Kiều</strong>&nbsp;v&agrave;o năm 2001 rất sầm uất. Những tưởng&nbsp;<strong>b&aacute;n căn hộ</strong>&nbsp;sẽ thu h&uacute;t được rất nhiều kh&aacute;ch h&agrave;ng. Một số đại l&yacute;&nbsp;<strong>bất động sản</strong>&nbsp;đang mọc l&ecirc;n xung quanh t&ograve;a nh&agrave; n&agrave;y. Lượng kh&aacute;ch xem căn hộ đ&ocirc;ng đ&uacute;c nhưng sau đ&oacute; hầu hết đều quay đầu.</p>\r\n\r\n<p>Mức gi&aacute; thời điểm đ&oacute; l&agrave; 1-3 tỷ đồng một căn hộ, được cho l&agrave; qu&aacute; cao với thu nhập của nhiều người. Theo c&aacute;c chuy&ecirc;n gia, một phần căn hộ c&oacute; trần thấp, diện t&iacute;ch ph&ograve;ng nhỏ, ngột ngạt ... Ng&agrave;y c&agrave;ng c&oacute; thưa dần người dần đến xem căn hộ. Hầu như kh&ocirc;ng c&oacute; du kh&aacute;ch cho đến năm 2006. Hiện tại, những chủ nh&agrave; đ&atilde; mua căn hộ tại đ&acirc;y hầu hết l&agrave; những người cho thu&ecirc; lại v&agrave; kh&ocirc;ng ở.</p>\r\n\r\n<p>Một chủ nh&agrave; xin giấu t&ecirc;n cho biết c&aacute;c căn hộ đang dần xuống cấp. Hệ thống tho&aacute;t nước, r&aacute;c v&agrave; điện đều c&oacute; vấn đề. Với căn hộ 100m2 2 ph&ograve;ng ngủ, chị n&agrave;y cho thu&ecirc; chỉ 5 triệu đồng / th&aacute;ng, kh&aacute; rẻ so với mặt bằng chung.</p>\r\n\r\n<p>Chủ nh&agrave; cho biết gi&aacute; rẻ v&igrave; kh&oacute; t&igrave;m được người thu&ecirc;. Những&nbsp;<strong>tin đồn ma qu&aacute;i về Thuận Kiều Plaza</strong>&nbsp;đang khiến kh&aacute;ch kh&oacute; chịu. C&ocirc; ấy phải gọi điện li&ecirc;n tục để trấn an những người mới đến. Cũng c&oacute; nhiều trường hợp kh&aacute;ch h&agrave;ng chuyển đi nơi kh&aacute;c. Bỏ tiền đặt cọc mặc d&ugrave; họ mới chỉ ở v&agrave;i ng&agrave;y.</p>\r\n\r\n<p><img alt=\"\" src=\"https://cdn.houseviet.vn/images/20032021/1616235233948.jpg\" style=\"height:359px; width:640px\" /></p>\r\n\r\n<p>Sau hơn hai năm tu sửa, Garden Mall ch&iacute;nh thức khai trương v&agrave;o đầu th&aacute;ng 11/2017. Về cấu tr&uacute;c, The Garden Mall vẫn giữ nguy&ecirc;n mẫu của Thuận Kiều Plaza v&agrave; thay đổi c&ocirc;ng năng chỉ gồm 3 ph&acirc;n khu: kh&ocirc;ng gian tổ chức sự kiện, trung t&acirc;m giải tr&iacute; - ẩm thực,&nbsp;<a href=\"https://houseviet.vn/cho-thue-can-ho-chung-cu/\" target=\"_blank\">căn hộ cho thu&ecirc;</a>.</p>\r\n\r\n<p>Trong đ&oacute;, khu trung t&acirc;m thương mại rộng 30.000 m2 với đầy đủ c&aacute;c tiện &iacute;ch v&agrave; dịch vụ đa dạng, c&ograve;n The Garden&nbsp;Apartment&nbsp;với 3 t&ograve;a th&aacute;p cao 33 tầng, 648 căn hộ được thay m&agrave;u xanh tơi so với h&igrave;nh ảnh được v&iacute; như &ldquo;3 c&acirc;y nhang&rdquo;. nay được chuyển th&agrave;nh &quot;ba c&acirc;y tr&uacute;c&quot;.</p>\r\n\r\n<p><img alt=\"\" src=\"https://cdn.houseviet.vn/images/20032021/1616235631293.jpg\" style=\"height:535px; width:375px\" /></p>\r\n\r\n<p><img alt=\"\" src=\"https://cdn.houseviet.vn/images/08072021/1625749957645.jpg\" style=\"height:477px; width:840px\" />Thuận Kiều Plaza được x&acirc;y dựng v&agrave;o năm 1994 với diện t&iacute;ch x&acirc;y dựng khoảng 100.000 m2 tại Phường 12, Quận 5. C&ocirc;ng tr&igrave;nh n&agrave;y bao gồm 3 t&ograve;a nh&agrave; cao 33 tầng với h&agrave;ng trăm ng&ocirc;i nh&agrave; v&agrave; c&aacute;c ph&ograve;ng chức năng. Chủ đầu tư đ&atilde; c&oacute; phương &aacute;n sử dụng 3 t&ograve;a nh&agrave; cao tầng với chức năng nh&agrave; ở cho sinh vi&ecirc;n v&agrave; người c&oacute; thu nhập trung b&igrave;nh trước khi quyết định tạm dừng, ưu ti&ecirc;n th&agrave;nh phố trưng dụng trong trường hợp khẩn cấp.</p>\r\n','admin','true','2021-12-12',3),(16,'8 lưu ý để thiết kế phong thủy phòng khách đẹp','1637205654969.jpg','<p><strong>Phong thủy ph&ograve;ng kh&aacute;ch</strong>&nbsp;lu&ocirc;n l&agrave; vấn đề được nhiều gia chủ quan t&acirc;m đến khi thiết kế nh&agrave; ở bởi ph&ograve;ng kh&aacute;ch l&agrave; kh&ocirc;ng gian rất quan trọng. Đ&acirc;y l&agrave; nơi gia chủ tiếp những vị kh&aacute;ch qu&yacute;, nơi thể hiện t&iacute;nh c&aacute;ch, địa vị của gia chủ, cũng l&agrave; nơi quy tụ c&aacute;c yếu tố phong thủy ảnh hưởng trực tiếp đến sức khỏe, t&agrave;i lộc, may mắn của gia chủ v&agrave; gia đ&igrave;nh.</p>\r\n\r\n<p>Trong b&agrave;i viết n&agrave;y,&nbsp;<a href=\"https://houseviet.vn/\" target=\"_blank\">House Viet</a>&nbsp;sẽ gi&uacute;p bạn t&igrave;m hiểu về những điều ki&ecirc;ng kỵ cũng như l&agrave; những điều cần l&agrave;m để&nbsp;<strong>trang tr&iacute; ph&ograve;ng kh&aacute;ch hợp phong thủy</strong>.</p>\r\n\r\n<h2>&Yacute; nghĩa của phong thủy ph&ograve;ng kh&aacute;ch</h2>\r\n\r\n<p><strong>Phong thủy tại ph&ograve;ng kh&aacute;ch</strong>&nbsp;li&ecirc;n quan đến t&agrave;i lộc trong gia đ&igrave;nh v&agrave; sự h&ograve;a thuận trong c&aacute;c mối quan hệ với gia đ&igrave;nh. Ph&ograve;ng kh&aacute;ch l&agrave; nơi ch&iacute;nh để sinh hoạt gia đ&igrave;nh v&agrave; giao lưu với kh&aacute;ch.</p>\r\n\r\n<p>V&igrave; vậy, việc&nbsp;<strong>bố tr&iacute; ph&ograve;ng kh&aacute;ch hợp phong thủy</strong>&nbsp;sẽ gi&uacute;p mang lại hạnh ph&uacute;c cho cả gia đ&igrave;nh. Ph&ograve;ng kh&aacute;ch cũng l&agrave; kh&ocirc;ng gian tốt nhất để tăng tiến t&aacute;m nhu cầu lớn của cuộc sống con người bởi v&igrave; ai cũng c&oacute; thể sử dụng ph&ograve;ng kh&aacute;ch. Một ph&ograve;ng kh&aacute;ch c&oacute; bố cục tốt sẽ đem lại sự&nbsp; thoải m&aacute;i cho mọi th&agrave;nh vi&ecirc;n trong gia đ&igrave;nh</p>\r\n\r\n<p>Th&ocirc;ng thường sau khi bước v&agrave;o một ng&ocirc;i nh&agrave;, điều đầu ti&ecirc;n tiếp x&uacute;c l&agrave; ph&ograve;ng kh&aacute;ch,&nbsp;<strong>phong thủy trong ph&ograve;ng kh&aacute;ch</strong>&nbsp;tượng trưng cho tổng thể t&agrave;i lộc của gia đ&igrave;nh li&ecirc;n quan mật thiết đến c&ocirc;ng danh, sự nghiệp v&agrave; t&agrave;i lộc của gia chủ. V&igrave; vậy c&aacute;ch bố tr&iacute; ph&ograve;ng kh&aacute;ch tốt nhất l&agrave; cao r&aacute;o, rộng r&atilde;i, kết cấu vu&ocirc;ng vắn, tốt nhất l&agrave; c&oacute; lan can tho&aacute;ng nh&igrave;n ra b&ecirc;n ngo&agrave;i để kh&ocirc;ng kh&iacute; lưu th&ocirc;ng, đủ &aacute;nh s&aacute;ng đầy đủ.</p>\r\n\r\n<p><img alt=\"\" src=\"https://cdn.houseviet.vn/images/18112021/1637205704368.jpg\" style=\"height:460px; width:819px\" /></p>\r\n\r\n<h2>C&aacute;ch thiết kế ph&ograve;ng kh&aacute;ch hợp phong thủy</h2>\r\n\r\n<p><strong>Trang tr&iacute; ph&ograve;ng kh&aacute;ch theo phong thủy</strong>&nbsp;l&agrave; điều đầu ti&ecirc;n c&aacute;c gia chủ thường quan t&acirc;m đến mỗi khi thiết kế nh&agrave; ở. Dưới đ&acirc;y l&agrave; một số c&aacute;ch thiết kế ph&ograve;ng kh&aacute;ch hợp phong thủy để mang lại t&agrave;i lộc cho gia chủ.</p>\r\n\r\n<h3>Vị tr&iacute; đặt ph&ograve;ng kh&aacute;ch</h3>\r\n\r\n<p>Theo c&aacute;c chuy&ecirc;n gia phong thủy, khi trang tr&iacute;&nbsp;<strong>ph&ograve;ng kh&aacute;ch hợp phong thủy</strong>&nbsp;cần đặt ph&ograve;ng kh&aacute;ch tại trung t&acirc;m của ng&ocirc;i nh&agrave;. Đồng thời hướng ph&ograve;ng kh&aacute;ch về c&aacute;c phương vị tốt như: Phục vị, Thi&ecirc;n Y, Di&ecirc;n Ni&ecirc;n, Sinh kh&iacute;. Đặt ph&ograve;ng kh&aacute;ch gần cửa ch&iacute;nh để sinh kh&iacute; dễ d&agrave;ng đi v&agrave;o nh&agrave;.</p>\r\n\r\n<p>Ph&ograve;ng kh&aacute;ch n&ecirc;n được thiết kế theo h&igrave;nh dạng l&agrave; h&igrave;nh vu&ocirc;ng hoặc h&igrave;nh chữ nhật. Nếu c&oacute; chỗ lồi l&otilde;m th&igrave; cần thiết kế tường, tủ &acirc;m tường hoặc gương để che đi. Ph&ograve;ng kh&aacute;ch cần c&acirc;n đối, đủ &aacute;nh s&aacute;ng để điều h&ograve;a sinh kh&iacute;, gi&uacute;p kh&iacute; tốt lưu th&ocirc;ng dễ d&agrave;ng.</p>\r\n\r\n<h3>Bố tr&iacute; đồ nội thất trong ph&ograve;ng kh&aacute;ch hợp phong thủy</h3>\r\n\r\n<p>Việc bố tr&iacute;&nbsp;<strong>ph&ograve;ng kh&aacute;ch hợp phong thủy</strong>&nbsp;c&ograve;n gi&uacute;p tăng vận kh&iacute; tốt. Đồng thời mang lại nhiều may mắn, b&igrave;nh an, hạnh ph&uacute;c về tiền bạc cho cả gia đ&igrave;nh. Khi bố tr&iacute; nội thất, đặc biệt l&agrave; b&agrave;n ghế sofa, phải l&agrave;m sao cho cả chủ v&agrave; kh&aacute;ch đều c&oacute; thể hướng ra cửa ch&iacute;nh nhưng kh&ocirc;ng được đối diện cửa.</p>\r\n\r\n<p>Chỗ ngồi của chủ nh&agrave; v&agrave; kh&aacute;ch mời như sau:</p>\r\n\r\n<ul>\r\n	<li>Chỗ ngồi của chủ nh&acirc;n n&ecirc;n c&oacute; tầm nh&igrave;n ra cả căn ph&ograve;ng v&agrave; cửa ra v&agrave;o.</li>\r\n	<li>Chỗ ngồi của kh&aacute;ch phải nằm tr&ecirc;n đường ch&eacute;o vu&ocirc;ng g&oacute;c với cửa ra v&agrave;o.</li>\r\n</ul>\r\n\r\n<p>Trong phong thủy ph&ograve;ng kh&aacute;ch bạn n&ecirc;n chọn sofa theo h&igrave;nh d&aacute;ng v&agrave; k&iacute;ch thước của ph&ograve;ng kh&aacute;ch. C&oacute; nhiều loại ghế sofa cho bạn lựa chọn như:</p>\r\n\r\n<ul>\r\n	<li>Ghế được k&ecirc; đối diện với b&agrave;n tr&agrave; d&agrave;nh cho những ph&ograve;ng kh&aacute;ch rộng.</li>\r\n	<li>Sofa h&igrave;nh chữ L cho ph&ograve;ng kh&aacute;ch nhỏ,&hellip;</li>\r\n	<li>N&ecirc;n k&ecirc; sofa quay lưng v&agrave;o tường tr&aacute;nh đối diện với cửa ch&iacute;nh, tạo cảm gi&aacute;c bất an cho người ngồi.</li>\r\n</ul>\r\n\r\n<p>Đối với những ph&ograve;ng kh&aacute;ch rộng r&atilde;i, tốt nhất n&ecirc;n bố tr&iacute; ph&ograve;ng kh&aacute;ch theo h&igrave;nh 8 cạnh (h&igrave;nh b&aacute;t qu&aacute;i). Theo c&aacute;c chuy&ecirc;n gia phong thủy, c&aacute;ch b&agrave;i tr&iacute; n&agrave;y tạo cảm gi&aacute;c gần gũi, b&igrave;nh đẳng, gi&uacute;p mọi người dễ d&agrave;ng n&oacute;i chuyện. Đ&acirc;y l&agrave; c&aacute;ch bố tr&iacute;&nbsp;<strong>ph&ograve;ng kh&aacute;ch theo phong thủy&nbsp;</strong>mang đến sự lịch sự, tạo cảm gi&aacute;c th&acirc;n mật, h&ograve;a hợp giữa chủ v&agrave; kh&aacute;ch.</p>\r\n\r\n<p>Bạn cũng cần tạo độ tho&aacute;ng tr&ecirc;n trần ph&ograve;ng kh&aacute;ch. Tr&aacute;nh đặt ghế sofa, b&agrave;n tr&agrave; dưới x&agrave; ngang. Nếu ph&ograve;ng kh&aacute;ch c&oacute; nhiều g&oacute;c nhọn cần che đi. V&igrave; c&aacute;c g&oacute;c nhọn sẽ tạo ra s&aacute;t kh&iacute; mang lại những &yacute; nghĩa kh&ocirc;ng tốt cho gia chủ v&agrave; gia đ&igrave;nh.</p>\r\n\r\n<h3>Bố tr&iacute; ph&ograve;ng kh&aacute;ch c&oacute; b&agrave;n thờ</h3>\r\n\r\n<p>C&oacute; nhiều gia đ&igrave;nh kh&ocirc;ng c&oacute; điều kiện thiết kế ph&ograve;ng thờ ri&ecirc;ng, bố tr&iacute; b&agrave;n thờ ngay ph&ograve;ng kh&aacute;ch. B&agrave;n thờ l&agrave; một đồ vật mang t&iacute;nh chất &acirc;m, hướng nội. Hướng tốt nhất để đặt b&agrave;n thờ l&agrave; hướng (T&acirc;y Bắc) gi&uacute;p &acirc;m dương h&agrave;i h&ograve;a. Ngo&agrave;i ra, cần lưu &yacute;:</p>\r\n\r\n<ul>\r\n	<li>Vị tr&iacute; đặt b&agrave;n thờ phải thể hiện được sự trang nghi&ecirc;m, b&agrave;n thờ dựa v&agrave;o tường vững chắc.</li>\r\n	<li>B&agrave;n thờ hướng ra ngo&agrave;i, tr&aacute;nh đối diện trực tiếp với cửa ch&iacute;nh. Nếu bạn phải đối mặt với n&oacute;, bạn cần phải c&oacute; m&agrave;n hoặc b&igrave;nh phong che.</li>\r\n	<li>Cấm đặt b&agrave;n thờ ph&iacute;a dưới hoặc ph&iacute;a tr&ecirc;n nh&agrave; vệ sinh, ph&ograve;ng trẻ em. V&igrave; đ&acirc;y được coi l&agrave; những nơi ồn &agrave;o, bẩn thỉu v&agrave; kh&ocirc;ng được t&ocirc;n nghi&ecirc;m.</li>\r\n	<li>K&iacute;ch thước b&agrave;n thờ treo tường ph&ograve;ng kh&aacute;ch cần ph&ugrave; hợp.</li>\r\n</ul>\r\n\r\n<h2>Những vấn đề ki&ecirc;ng kỵ trong phong thủy nh&agrave; kh&aacute;ch</h2>\r\n\r\n<p>Ph&ograve;ng kh&aacute;ch được xem l&agrave; nơi quan trọng nhất trong ng&ocirc;i nh&agrave;.&nbsp;<strong>Phong thủy ở ph&ograve;ng kh&aacute;ch</strong>&nbsp;c&oacute; ảnh hưởng kh&ocirc;ng nhỏ đến vận thế của mỗi th&agrave;nh vi&ecirc;n trong gia đ&igrave;nh. H&atilde;y ch&uacute; &yacute; đến vấn đề sau để gi&uacute;p gia đ&igrave;nh bạn lu&ocirc;n dồi d&agrave;o sức khỏe v&agrave; t&agrave;i lộc.</p>\r\n\r\n<p><img alt=\"\" src=\"https://cdn.houseviet.vn/images/18112021/1637206361916.jpg\" style=\"height:460px; width:819px\" /></p>\r\n\r\n<h3>Ph&ograve;ng kh&aacute;ch bị ngăn c&aacute;ch, chủ nh&acirc;n dễ c&ocirc; độc</h3>\r\n\r\n<p>Ph&ograve;ng kh&aacute;ch l&agrave; kh&ocirc;ng gian mọi người c&ugrave;ng sinh hoạt trong gia đ&igrave;nh, cũng l&agrave; nơi tiếp đ&atilde;i kh&aacute;ch qu&yacute;, qu&acirc;y quần giữa c&aacute;c th&agrave;nh vi&ecirc;n. Nếu bạn lấy l&yacute; do ph&ograve;ng kh&aacute;ch qu&aacute; rộng m&agrave; lại t&aacute;ch chỗ n&agrave;y ra để &ldquo;ki&ecirc;m nhiệm&rdquo; ph&ograve;ng ngủ hay ph&ograve;ng đọc s&aacute;ch th&igrave; thật l&agrave; sai lầm.</p>\r\n\r\n<p>Một khi ph&ograve;ng kh&aacute;ch đ&atilde; bị &ldquo;chia cắt&rdquo; th&igrave; d&ugrave; với mục đ&iacute;ch g&igrave; cũng sẽ khiến kh&ocirc;ng gian từ trường chung ở đ&acirc;y cũng bị &ldquo;cắt ra&rdquo;. Điều n&agrave;y dễ khiến chủ nh&acirc;n lu&ocirc;n cảm thấy c&ocirc; đơn trong suy nghĩ. Nếu c&ograve;n độc th&acirc;n, bạn sẽ kh&oacute; tr&aacute;nh khỏi t&igrave;nh trạng &ldquo;tri kỷ kh&oacute; t&igrave;m&rdquo;.</p>\r\n\r\n<p><img alt=\"\" src=\"https://cdn.houseviet.vn/images/18112021/1637206590256.jpg\" style=\"height:560px; width:840px\" /></p>\r\n\r\n<h3>Kh&ocirc;ng bố tr&iacute; đường d&acirc;y điện di động ở ph&ograve;ng kh&aacute;ch</h3>\r\n\r\n<p>Kh&ocirc;ng n&ecirc;n bố tr&iacute; đường d&acirc;y điện di động trong ph&ograve;ng kh&aacute;ch v&igrave; theo phong thủy sẽ khiến c&aacute;c trường kh&iacute; ở đ&acirc;y sẽ bị x&aacute;o trộn. Đồng thời, nếu xảy ra ch&aacute;y nổ, chập điện sẽ rất nguy hiểm cho c&aacute;c th&agrave;nh vi&ecirc;n trong gia đ&igrave;nh, đặc biệt l&agrave; trẻ nhỏ.</p>\r\n\r\n<h3>Trước sau kh&ocirc;ng n&ecirc;n th&ocirc;ng một đường</h3>\r\n\r\n<p>Nếu ph&ograve;ng kh&aacute;ch rộng r&atilde;i, tho&aacute;ng m&aacute;t sẽ rất l&yacute; tưởng để mọi người qu&acirc;y quần b&ecirc;n nhau. Nhưng kh&ocirc;ng phải v&igrave; thế m&agrave; bạn c&oacute; thể thiết kế cửa ch&iacute;nh bước v&agrave;o c&oacute; thể nh&igrave;n thẳng ra cửa sau. C&aacute;ch bố tr&iacute; n&agrave;y khiến c&aacute;c trường kh&iacute; tốt vừa v&agrave;o nh&agrave; đ&atilde; đi thẳng ra chỗ kh&aacute;c, khiến gia chủ kh&oacute; t&iacute;ch tụ t&agrave;i lộc, thậm ch&iacute; hao tốn tiền của.</p>\r\n\r\n<h3>Kh&ocirc;ng để x&agrave; ngang tr&ecirc;n đầu</h3>\r\n\r\n<p>Việc thiết kế x&agrave; ngang ngay tr&ecirc;n đầu, đặc biệt l&agrave; ngay vị tr&iacute; sofa sẽ g&acirc;y ức chế cho người ngồi b&ecirc;n dưới. Lỗi phong thủy n&agrave;y kh&ocirc;ng chỉ khiến bạn gặp nhiều kh&oacute; khăn m&agrave; c&ograve;n ảnh hưởng đến sức khỏe. V&igrave; vậy, khi&nbsp;<strong>thiết kế ph&ograve;ng kh&aacute;ch hợp phong thủy</strong>, bạn cần lưu &yacute; vấn đề n&agrave;y.</p>\r\n\r\n<h3>Kh&ocirc;ng n&ecirc;n c&oacute; lối đi liền cửa ch&iacute;nh với ph&ograve;ng kh&aacute;ch</h3>\r\n\r\n<p>C&oacute; lối đi &ldquo;lệch&rdquo; so với cửa ch&iacute;nh v&agrave;o ph&ograve;ng kh&aacute;ch l&agrave; tốt nhất để tr&aacute;nh s&aacute;t kh&iacute; từ b&ecirc;n ngo&agrave;i x&ocirc;ng thẳng v&agrave;o nh&agrave;. Đồng thời, khi c&aacute;c trường kh&iacute; đi v&agrave;o theo đường tr&ograve;n m&agrave; kh&ocirc;ng phải đường thẳng sẽ khiến gia chủ dễ h&uacute;t t&agrave;i lộc.</p>\r\n\r\n<p>Ngo&agrave;i ra, thiết kế như vậy c&ograve;n gi&uacute;p nội thất trong nh&agrave; kh&ocirc;ng bị &ldquo;lộ&rdquo; ra b&ecirc;n ngo&agrave;i, tượng trưng cho ph&uacute;c lộc vẹn to&agrave;n trong gia đ&igrave;nh.</p>\r\n\r\n<h2>FAQ - Một số thắc mắc của kh&aacute;ch h&agrave;ng về phong thủy ph&ograve;ng kh&aacute;ch</h2>\r\n\r\n<h3>M&agrave;u sắc của ph&ograve;ng kh&aacute;ch n&ecirc;n chọn như thế n&agrave;o hợp phong thủy?</h3>\r\n\r\n<p>Để&nbsp;<strong>trang tr&iacute; ph&ograve;ng kh&aacute;ch đẹp hợp phong thủy</strong>&nbsp;bạn n&ecirc;n chọn những gam m&agrave;u nh&atilde; nhặn, tươi s&aacute;ng l&agrave;m t&ocirc;ng m&agrave;u chủ đạo. Điều n&agrave;y gi&uacute;p tạo kh&ocirc;ng gian tho&aacute;ng đ&atilde;ng cho ph&ograve;ng kh&aacute;ch hiện đại. Nhưng để kh&ocirc;ng bị nh&agrave;m ch&aacute;n, bạn n&ecirc;n tạo điểm nhấn bằng những gam m&agrave;u đậm nhạt năng động. Một số người c&aacute; t&iacute;nh th&iacute;ch ph&aacute; c&aacute;ch bằng c&aacute;ch kết hợp những gam m&agrave;u tương phản.</p>\r\n\r\n<h3>Hướng&nbsp;n&agrave;o&nbsp;tốt trong bố tr&iacute; nội thất trong ph&ograve;ng kh&aacute;ch&nbsp;?</h3>\r\n\r\n<p><strong>B&agrave;i tr&iacute; ph&ograve;ng kh&aacute;ch hợp phong thủy</strong>&nbsp;cần x&aacute;c định đ&uacute;ng hướng mới c&oacute; thể rước t&agrave;i lộc v&agrave;o nh&agrave;. Dưới đ&acirc;y l&agrave; một số điểm cần ghi nhớ:</p>\r\n\r\n<ul>\r\n	<li>Hướng Đ&ocirc;ng v&agrave; Đ&ocirc;ng Nam: đ&acirc;y l&agrave; hướng tượng trưng cho năng lượng của h&agrave;ng Mộc v&agrave; h&agrave;nh Thổ. Khi bố tr&iacute; nội thất theo hướng n&agrave;y, n&ecirc;n sử dụng b&agrave;n ghế gỗ, khung tranh gỗ hoặc gi&aacute; s&aacute;ch,&hellip;</li>\r\n	<li>T&acirc;y v&agrave; T&acirc;y Bắc: đại diện cho năng lượng kim. M&agrave;u sắc chủ đạo được sử dụng trong nội thất theo hướng n&agrave;y n&ecirc;n l&agrave; xanh lam, x&aacute;m hoặc hồng.</li>\r\n	<li>Năng lượng của Hỏa được đại diện bởi hướng Nam: n&ecirc;n sử dụng c&aacute;c m&agrave;u gỗ đỏ, hồng, cam, xanh l&aacute; c&acirc;y cho c&aacute;c m&agrave;u đồ nội thất.</li>\r\n	<li>Hướng Bắc tượng trưng cho năng lượng nước: Những đồ nội thất như tranh mực, th&aacute;c nước, thuyền buồm sẽ rất th&iacute;ch hợp với hướng n&agrave;y.</li>\r\n	<li>Hướng Đ&ocirc;ng Bắc v&agrave; T&acirc;y Nam l&agrave; tượng trưng của năng lượng Thổ: N&ecirc;n trang tr&iacute; nội thất bằng những loại đ&aacute; qu&yacute;, thủy tinh hoặc đất s&eacute;t,..</li>\r\n</ul>\r\n\r\n<h3>Cần trang tr&iacute; những vật g&igrave; cho ph&ograve;ng kh&aacute;ch hợp phong thủy?</h3>\r\n\r\n<p>Để t&ocirc;n l&ecirc;n vẻ đẹp của căn ph&ograve;ng th&igrave; đồ&nbsp;<strong>trang tr&iacute; ph&ograve;ng kh&aacute;ch theo phong thủy</strong>&nbsp;cần c&oacute; d&aacute;ng vẻ nhẹ nh&agrave;ng, m&agrave;u sắc ph&ugrave; hợp với kh&ocirc;ng gian. Đặc biệt, cần tr&aacute;nh những vật sắc nhọn như kiếm, hay sừng động vật,&hellip;V&igrave; những vật n&agrave;y thường g&acirc;y ra những bất đồng trong quan điểm.</p>\r\n\r\n<p>Một điểm cần lưu &yacute; nữa l&agrave; kh&ocirc;ng n&ecirc;n sử dụng những bức tranh độc &aacute;c v&agrave; bạo lực. Đồng thời, kh&ocirc;ng n&ecirc;n trang tr&iacute; ph&ograve;ng kh&aacute;ch bằng những đồ vật thiếu &yacute; tưởng, thiếu &aacute;nh s&aacute;ng.</p>\r\n','admin','true','2021-12-12',6),(17,'5 Nguyên tắc thiết kế sân vườn hợp phong thủy dễ thực hiện','1638416613389.jpg','<p>Cuộc sống hiện đại lu&ocirc;n ph&aacute;t triển, nhiều gia chủ lựa chọn&nbsp;x&acirc;y dựng&nbsp;những ng&ocirc;i nh&agrave; khang trang, rộng r&atilde;i. Ngo&agrave;i việc lựa chọn h&igrave;nh thức kiến ​​tr&uacute;c sang trọng th&igrave;&nbsp;<strong>s&acirc;n vườn hợp phong thủy</strong>&nbsp;l&agrave; một nhu cầu tất yếu. Tuy nhi&ecirc;n, nhiều gia chủ chỉ quan t&acirc;m đến&nbsp;t&iacute;nh&nbsp;thẩm mỹ, c&ocirc;ng năng m&agrave; qu&ecirc;n hoặc xem nhẹ yếu tố&nbsp;<strong>phong thủy s&acirc;n vườn</strong>.</p>\r\n\r\n<h2>Phong thủy s&acirc;n vườn l&agrave; g&igrave;?</h2>\r\n\r\n<p><strong>Phong thủy s&acirc;n vườn</strong>&nbsp;l&agrave; c&aacute;ch bố tr&iacute; c&acirc;y cối, c&aacute;c yếu như đất, nước, đ&aacute;,&hellip;hợp l&yacute;, h&agrave;i h&ograve;a, c&acirc;n bằng &acirc;m dương, ngũ h&agrave;nh gi&uacute;p kh&iacute; lưu th&ocirc;ng thuận lợi, tạo sinh kh&iacute; tốt. Điều n&agrave;y gi&uacute;p mang lại hạnh ph&uacute;c, th&agrave;nh c&ocirc;ng, danh vọng v&agrave; một gia đ&igrave;nh &ecirc;m ấm cho gia chủ.</p>\r\n\r\n<p><strong>S&acirc;n vườn hợp phong thủy</strong>&nbsp;sẽ gi&uacute;p tạo được kh&ocirc;ng gian thư gi&atilde;n tho&aacute;ng m&aacute;t cho c&aacute;c th&agrave;nh vi&ecirc;n trong gia đ&igrave;nh, gi&uacute;p nạp năng lượng sau một ng&agrave;y d&agrave;i bận rộn.</p>\r\n\r\n<p><img alt=\"\" src=\"https://cdn.houseviet.vn/images/02122021/1638416637704.jpg\" style=\"height:450px; width:640px\" /></p>\r\n\r\n<h2>C&aacute;c hướng thiết kế s&acirc;n vườn theo phong thủy</h2>\r\n\r\n<p>Hướng s&acirc;n vườn được hiểu đơn giản l&agrave; hướng ch&iacute;nh m&agrave; mọi người bước v&agrave;o khu s&acirc;n vườn đ&oacute;. Mỗi hướng c&oacute; một &yacute; nghĩa v&agrave; sức h&uacute;t kh&aacute;c nhau v&agrave; mang trong m&igrave;nh những nguồn năng lượng c&oacute; thể t&iacute;ch cực hoặc ti&ecirc;u cực. Theo&nbsp;<strong>phong thủy s&acirc;n vườn</strong>&nbsp;c&oacute; thể được bố tr&iacute; ở c&aacute;c hướng tốt sau:</p>\r\n\r\n<ul>\r\n	<li><strong>Hướng Đ&ocirc;ng:</strong>&nbsp;Đ&acirc;y l&agrave; hướng mặt trời mọc n&ecirc;n mang lại kh&aacute; nhiều năng lượng may mắn. Khi trồng vườn ở hướng n&agrave;y, bạn cần ch&uacute; &yacute; đến sự th&ocirc;ng tho&aacute;ng để đ&oacute;n được năng lượng tốt, gi&uacute;p n&acirc;ng cao t&igrave;nh cảm gia đ&igrave;nh v&agrave; may mắn trong c&ocirc;ng việc.</li>\r\n	<li><strong>Hướng T&acirc;y:</strong>&nbsp;V&igrave; l&agrave; hướng mặt trời lặn n&ecirc;n đ&acirc;y được coi l&agrave; hướng mang t&agrave; kh&iacute; v&agrave;o vườn. Gia chủ cần suy nghĩ cẩn trọng trước khi chọn đ&acirc;y l&agrave;m hướng ch&iacute;nh cho khu vườn của m&igrave;nh. Nếu kh&ocirc;ng đổi hướng được th&igrave; khu vực n&agrave;y cần được bố tr&iacute; y&ecirc;n tĩnh, cần trồng c&aacute;c loại c&acirc;y c&oacute; sức sống tốt nhưng ph&aacute;t triển chậm.</li>\r\n	<li><strong>Hướng Nam:&nbsp;</strong>Đ&acirc;y l&agrave; hướng được coi l&agrave; tốt nhất trong 4 hướng để thiết kế s&acirc;n vườn hợp phong thủy. Bởi đ&acirc;y l&agrave; hướng c&aacute;t mang lại nhiều năng lượng t&iacute;ch cực v&agrave; hạnh ph&uacute;c cho gia chủ. Lối ra v&agrave;o vườn theo hướng n&agrave;y kh&ocirc;ng cần qu&aacute; rộng nhưng vẫn cần c&oacute; sự th&ocirc;ng tho&aacute;ng.</li>\r\n	<li><strong>Hướng Bắc:</strong>&nbsp;Trong s&acirc;n vườn hướng Bắc cần thiết kế lối ra v&agrave;o rộng r&atilde;i bởi hướng n&agrave;y c&oacute; thi&ecirc;n hướng chậm chạp v&agrave; kh&aacute; nặng nề. Đường đi v&agrave;o khu vực s&acirc;n vườn n&ecirc;n thẳng hoặc cong nhẹ nh&agrave;ng, trồng c&aacute;c loại c&acirc;y c&oacute; h&igrave;nh d&aacute;ng như tre, tr&uacute;c để thu h&uacute;t năng lượng dương. Ngo&agrave;i ra, c&oacute; thể bố tr&iacute; th&ecirc;m hồ c&aacute;, đ&agrave;i phun nước hay th&aacute;c nước gi&uacute;p mang lại nhiều may mắn cho gia chủ.</li>\r\n</ul>\r\n\r\n<h2>Những nguy&ecirc;n tắc chung trong thiết kế s&acirc;n vườn hợp phong thủy</h2>\r\n\r\n<p>Ng&agrave;y nay, việc&nbsp;<strong>thiết kế s&acirc;n vườn theo phong thủy</strong>&nbsp;được kh&aacute; nhiều gia đ&igrave;nh quan t&acirc;m bởi n&oacute; sẽ mang lại may mắn v&agrave; b&igrave;nh an cho gia chủ. Tuy nhi&ecirc;n để c&oacute; một s&acirc;n vườn đẹp về mặt thẩm mỹ nhưng vẫn đảm bảo hợp t&iacute;nh phong thủy th&igrave; kh&ocirc;ng phải ai cũng biết c&aacute;ch. H&atilde;y tham khảo một số nguy&ecirc;n tắc trong thiết kế s&acirc;n vườn hợp phong thủy ở phần dưới đ&acirc;y.</p>\r\n\r\n<p><img alt=\"\" src=\"https://cdn.houseviet.vn/images/02122021/1638416704952.jpg\" style=\"height:575px; width:840px\" /></p>\r\n\r\n<h3>Ch&uacute; &yacute; đến lối đi v&agrave;o s&acirc;n vườn</h3>\r\n\r\n<p>Năng lượng t&iacute;ch cực, sinh kh&iacute; thường sẽ đi v&agrave;o nh&agrave; qua cổng ch&iacute;nh, mặt tiền của t&ograve;a nh&agrave;, sau đ&oacute; lan tỏa ra c&aacute;c khu vực xung quanh. Để thu h&uacute;t được nhiều năng lượng tốt, việc ra v&agrave;o s&acirc;n vườn cũng phải được t&iacute;nh to&aacute;n kỹ lưỡng. Việc tạo những lối đi quanh co cũng tạo cảm gi&aacute;c khu vườn rộng hơn, c&oacute; chiều s&acirc;u, dễ chịu hơn.</p>\r\n\r\n<h3>Chọn vị tr&iacute; trồng c&acirc;y hợp phong thủy</h3>\r\n\r\n<p>Theo&nbsp;<strong>phong thủy s&acirc;n vườn</strong>, việc n&ecirc;n trồng c&acirc;y ở s&acirc;n trước hoặc s&acirc;n sau nh&agrave; đều phải ở hướng c&aacute;t, tr&aacute;nh trồng theo hướng dốc.</p>\r\n\r\n<p>Để chọn c&acirc;y cũng như vị tr&iacute; trồng c&acirc;y hợp phong thủy, gia chủ n&ecirc;n tham khảo hướng cổng ch&iacute;nh v&agrave; hướng s&acirc;n vườn.</p>\r\n\r\n<ul>\r\n	<li>Cổng ch&iacute;nh hướng Nam v&agrave; Đ&ocirc;ng Nam: Gia chủ n&ecirc;n ưu ti&ecirc;n trồng c&aacute;c loại c&acirc;y thấp để đ&oacute;n gi&oacute; m&aacute;t. Hướng Nam c&oacute; thể trồng c&acirc;y t&ugrave;ng để c&oacute; phong thủy tốt.</li>\r\n	<li>Cổng ch&iacute;nh hướng T&acirc;y v&agrave; T&acirc;y Bắc: N&ecirc;n trồng c&acirc;y c&oacute; t&aacute;n l&aacute; rộng v&igrave; hướng n&agrave;y nhiều nắng. Ưu ti&ecirc;n trồng c&acirc;y lớn ở hướng T&acirc;y Bắc để bảo vệ gia chủ v&igrave; đ&acirc;y l&agrave; hướng C&agrave;n.</li>\r\n</ul>\r\n\r\n<p><img alt=\"\" src=\"https://cdn.houseviet.vn/images/02122021/1638416748857.jpg\" style=\"height:600px; width:824px\" /></p>\r\n\r\n<h3>Chọn c&acirc;y v&agrave; hoa cho s&acirc;n vườn theo phong thủy</h3>\r\n\r\n<p>Để chọn được loại c&acirc;y, hoa ph&ugrave; hợp cho&nbsp;<strong>phong thủy s&acirc;n vườn</strong>, bạn cần dựa v&agrave;o ngũ h&agrave;nh &acirc;m dương v&agrave; mệnh của gia chủ.</p>\r\n\r\n<p>V&iacute; dụ, những b&ocirc;ng hoa m&agrave;u đỏ sẽ tượng trưng cho nguy&ecirc;n tố lửa v&agrave; gi&uacute;p k&iacute;ch th&iacute;ch sinh kh&iacute; cho khu vườn. Tuy nhi&ecirc;n, n&ecirc;n sử dụng c&oacute; chừng mực v&agrave; c&acirc;n đối với c&aacute;c nguy&ecirc;n tố c&ograve;n lại v&igrave; nếu qu&aacute; nhiều nguy&ecirc;n tố lửa sẽ g&acirc;y rối loạn vận kh&iacute;. Với yếu tố Thủy, ngo&agrave;i yếu tố nước trong vườn c&ograve;n được thể hiện bằng những c&acirc;y d&acirc;y leo hay c&acirc;y liễu rủ,&hellip;</p>\r\n\r\n<h3>Nguy&ecirc;n tắc về đặt h&ograve;n non bộ, bể cạn trong s&acirc;n vườn</h3>\r\n\r\n<p>Bể cạn v&agrave; h&ograve;n non bộ trước nh&agrave; chỉ n&ecirc;n đặt ở những ng&ocirc;i nh&agrave; ở khu vực ng&atilde; ba, ng&atilde; tư, nh&agrave; ở cuối phố d&agrave;i để hạn chế ảnh hưởng&nbsp;của s&aacute;t kh&iacute; trước khi v&agrave;o nh&agrave;. Trong những trường hợp n&agrave;y, đặt một bể nhỏ, bể cạn, chậu c&acirc;y lớn sẽ c&oacute; t&aacute;c dụng &ldquo;h&oacute;a s&aacute;t&rdquo; - mang lại sự ổn định cho gia đ&igrave;nh.</p>\r\n\r\n<p>Ở những nơi &iacute;t sinh kh&iacute; cũng n&ecirc;n tạo hồ c&oacute; đ&agrave;i phun nước để tạo sự chuyển động cho d&ograve;ng kh&iacute; Dương, mang lại vượng kh&iacute; cho ng&ocirc;i nh&agrave;.</p>\r\n\r\n<p><img alt=\"\" src=\"https://cdn.houseviet.vn/images/02122021/1638416795492.jpg\" style=\"height:610px; width:813px\" /></p>\r\n\r\n<h3>Phụ kiện s&acirc;n vườn hợp phong thủy</h3>\r\n\r\n<p>Với sự s&aacute;ng tạo kh&ocirc;ng ngừng v&agrave; sự tiến bộ của khoa học mỹ thuật, con người ng&agrave;y c&agrave;ng nghĩ ra nhiều phụ kiện, đồ trang tr&iacute; cho s&acirc;n vườn hợp phong thủy. Một số phụ kiện s&acirc;n vườn lu&ocirc;n c&oacute; sẵn v&agrave; dễ t&igrave;m như: đ&egrave;n s&acirc;n vườn, tượng, b&igrave;nh gốm sứ,...</p>\r\n\r\n<p>Một số gợi &yacute; trang tr&iacute; phụ kiện cho s&acirc;n vườn hợp phong thủy phổ biến l&agrave;:</p>\r\n\r\n<ul>\r\n	<li>Đặt tượng hoặc ph&ugrave; đi&ecirc;u h&igrave;nh con hạc, r&ugrave;a, hươu trong vườn để cầu ch&uacute;c sức khỏe v&agrave; trường thọ.</li>\r\n	<li>Đặt những chiếc b&igrave;nh gốm sứ lớn với &yacute; nghĩa mang lại may mắn v&agrave; thu h&uacute;t năng lượng dương.</li>\r\n	<li>L&agrave;m c&aacute;c gi&agrave;n c&acirc;y d&acirc;y leo ở c&aacute;c khu vực h&agrave;nh lang để th&ecirc;m phần quyến rũ v&agrave; hấp dẫn</li>\r\n</ul>\r\n\r\n<p><img alt=\"\" src=\"https://cdn.houseviet.vn/images/02122021/1638416898339.jpg\" style=\"height:550px; width:825px\" /></p>\r\n\r\n<h2>Những điều cần ki&ecirc;ng kỵ trong phong thủy s&acirc;n vườn</h2>\r\n\r\n<p>Để giảm thiểu những vấn đề ki&ecirc;ng kỵ theo&nbsp;<strong>phong thủy s&acirc;n vườn</strong>&nbsp;l&agrave;m hao tổn ph&uacute;c kh&iacute;, sức khỏe, gia chủ cần biết v&agrave; tr&aacute;nh một số điều sau:</p>\r\n\r\n<ul>\r\n	<li>Tuyệt đối tr&aacute;nh đặt c&acirc;y cảnh, h&ograve;n non bộ ở trung t&acirc;m ng&ocirc;i nh&agrave;. Ngo&agrave;i ra, kh&ocirc;ng n&ecirc;n trồng c&acirc;y hướng T&acirc;y Nam hoặc T&acirc;y v&igrave; phong thủy cho rằng hai hướng n&agrave;y mang yếu tố Mộc, l&agrave; điều kh&ocirc;ng tốt.</li>\r\n	<li>Kh&ocirc;ng n&ecirc;n chọn trồng một số loại c&acirc;y mang t&iacute;nh &acirc;m, kh&ocirc;ng sạch như b&aacute;ch, đa, liễu, dương, d&acirc;u, muồng, dạ yến thảo,&hellip;thường mang lại những điều xui xẻo cho gia chủ.</li>\r\n	<li>Lối đi v&agrave;o s&acirc;n vườn kh&ocirc;ng n&ecirc;n thiết kế dạng đường thẳng tắp hoặc theo c&aacute;c kh&uacute;c cua nhọn gấp kh&uacute;c bởi sẽ l&agrave;m tụ kh&iacute; hoặc khiến kh&iacute; tho&aacute;t thẳng ra ngo&agrave;i một c&aacute;ch nhanh ch&oacute;ng. H&atilde;y thiết kế lối ra v&agrave;o theo dạng uốn lượn sẽ gi&uacute;p khu vườn rộng r&atilde;i v&agrave; thư th&aacute;i nhất.</li>\r\n	<li>Kh&ocirc;ng n&ecirc;n x&acirc;y h&agrave;ng r&agrave;o qu&aacute; gần hoặc qu&aacute; cao so với nh&agrave;, nếu kh&ocirc;ng sẽ mất c&acirc;n bằng năng lượng. Nhớ tr&aacute;nh những h&agrave;ng r&agrave;o c&oacute; h&igrave;nh d&aacute;ng sắc nhọn sẽ l&agrave;m hỏng mỹ quan của căn nh&agrave;.</li>\r\n	<li>Kh&ocirc;ng n&ecirc;n d&ugrave;ng đ&aacute; v&ocirc;i để trang tr&iacute; s&acirc;n vườn, tiểu cảnh v&igrave; bản th&acirc;n đ&aacute; v&ocirc;i t&iacute;ch tụ nhiều t&agrave; kh&iacute; dẫn đến gia đ&igrave;nh ly t&aacute;n, kiện tụng.</li>\r\n	<li>Theo&nbsp;<strong>phong thủy s&acirc;n vườn</strong>&nbsp;th&igrave; kh&ocirc;ng n&ecirc;n d&ugrave;ng qu&aacute; nhiều sỏi, đ&aacute; để trang tr&iacute; v&igrave; như vậy sẽ tạo ra sự tồn đọng của kh&iacute; &acirc;m.</li>\r\n</ul>\r\n','admin','true','0000-00-00',0),(18,'Những lưu ý để thiết kế phòng tắm hiện đại hợp phong thủy','1637827802545.jpg','<p><strong>Phong thủy nh&agrave; tắm</strong>&nbsp;l&agrave; một trong những vấn đề m&agrave; kh&aacute; &iacute;t gia đ&igrave;nh hiện nay lưu t&acirc;m khi thiết kế nh&agrave; ở, một phần với những người đi&nbsp;mua nh&agrave;&nbsp;cũ th&igrave; ch&uacute;ng thường đ&atilde;&nbsp;được&nbsp;x&acirc;y dựng&nbsp;sẵn, c&ograve;n với những gia đ&igrave;nh x&acirc;y nh&agrave; mới th&igrave; họ lại thường chỉ ch&uacute; trọng đến ph&ograve;ng kh&aacute;ch hay ph&ograve;ng ngủ m&agrave; bỏ qu&ecirc;n đi nh&agrave; tắm.&nbsp;Để ph&ograve;ng tắm c&oacute; năng lượng phong thủy tốt,&nbsp;b&ecirc;n cạnh việc thiết kế th&igrave; gia chủ cũng cần phải lựa chọn những m&agrave;u sắc ph&ugrave; hợp.</p>\r\n\r\n<h2>&Yacute; nghĩa của phong thủy ph&ograve;ng tắm</h2>\r\n\r\n<p>Ph&ograve;ng tắm tuy kh&ocirc;ng chiếm vị tr&iacute; chủ đạo trong nh&agrave; nhưng lại c&oacute; vai tr&ograve; v&ocirc; c&ugrave;ng quan trọng đối với sức khỏe v&agrave; tinh thần của c&aacute;c th&agrave;nh vi&ecirc;n trong gia đ&igrave;nh. Trong ngũ h&agrave;nh, thủy tượng trưng cho h&agrave;nh thủy, tượng trưng cho sự gi&agrave;u c&oacute;, dồi d&agrave;o n&ecirc;n vị tr&iacute; đặt nh&agrave; tắm rất quan trọng.&nbsp;<strong>Phong thủy tốt trong ph&ograve;ng tắm</strong>&nbsp;kh&ocirc;ng chỉ mang lại sức khỏe dồi d&agrave;o, tinh thần sảng kho&aacute;i, dễ chịu m&agrave; c&ograve;n mang đến nguồn năng lượng t&iacute;ch cực, hạnh ph&uacute;c cho gia đ&igrave;nh.</p>\r\n\r\n<p><img alt=\"\" src=\"https://cdn.houseviet.vn/images/25112021/1637827904296.jpg\" style=\"height:550px; width:815px\" /></p>\r\n\r\n<h2>Những lưu &yacute; để thiết kế ph&ograve;ng tắm hợp phong thủy</h2>\r\n\r\n<p>Trước đ&acirc;y, c&aacute;c thầy phong thủy thường khuy&ecirc;n gia chủ n&ecirc;n x&acirc;y ph&ograve;ng tắm c&agrave;ng nhỏ c&agrave;ng tốt, khuất tầm nh&igrave;n v&agrave; c&aacute;ch xa kh&ocirc;ng gian nh&agrave; ch&iacute;nh. Tuy nhi&ecirc;n, do nhu cầu của cuộc sống hiện đại đ&atilde; dẫn đến những thay đổi nhất định. Đối với nhiều người, ph&ograve;ng tắm kh&ocirc;ng chỉ l&agrave; khu vực để vệ sinh m&agrave; c&ograve;n l&agrave; nơi gi&uacute;p thư gi&atilde;n, nạp năng lượng cho cơ thể sau những giờ l&agrave;m việc căng thẳng.</p>\r\n\r\n<p>H&atilde;y c&ugrave;ng tham khảo một số lưu &yacute; khi&nbsp;<strong>thiết kế ph&ograve;ng tắm hợp phong thủy&nbsp;</strong>trong phần dưới đ&acirc;y nh&eacute;:</p>\r\n\r\n<h3>Hướng v&agrave; vị tr&iacute; x&acirc;y dựng nh&agrave; tắm</h3>\r\n\r\n<p>Theo&nbsp;<strong>phong thủy ph&ograve;ng tắm</strong>&nbsp;n&ecirc;n được b&agrave;i tr&iacute; theo nguy&ecirc;n tắc &ldquo;tọa hung hướng c&aacute;t&rdquo;. Điều đ&oacute; n&oacute;i l&ecirc;n rằng, nh&agrave; vệ sinh n&ecirc;n đặt ở những hướng xấu v&agrave; quay về hướng tốt. Bởi v&igrave; về bản chất, ph&ograve;ng tắm kh&ocirc;ng phải l&agrave; một căn ph&ograve;ng sạch sẽ. V&igrave; vậy nếu đặt ở hướng tốt sẽ ảnh hưởng xấu đến sao tốt v&agrave; ph&uacute;c kh&iacute; của gia chủ. V&igrave; vậy, ph&ograve;ng tắm phải quay về hướng xấu để &ldquo;sinh hung kh&iacute;&rdquo;, biến xấu th&agrave;nh tốt.</p>\r\n\r\n<h3>Lựa chọn m&agrave;u sắc ph&ograve;ng tắm hợp phong thủy</h3>\r\n\r\n<p>Về&nbsp;<strong>phong thủy nh&agrave; tắm</strong>, bạn n&ecirc;n sử dụng t&ocirc;ng m&agrave;u trắng thuộc h&agrave;nh kim hoặc xanh lam thuộc h&agrave;nh thủy cho khu vực chức năng n&agrave;y. Những m&agrave;u n&agrave;y kh&ocirc;ng chỉ tạo cảm gi&aacute;c y&ecirc;n b&igrave;nh, sạch sẽ m&agrave; c&ograve;n tương sinh với mệnh Thủy của nh&agrave; vệ sinh. Ngo&agrave;i ra, bạn cũng c&oacute; thể sử dụng m&agrave;u xanh l&aacute; c&acirc;y, xanh lam nhạt để căn ph&ograve;ng trở n&ecirc;n rộng r&atilde;i v&agrave; m&aacute;t mẻ hơn.</p>\r\n\r\n<h3>Ph&ograve;ng tắm hợp phong thủy n&ecirc;n đảm bảo &aacute;nh s&aacute;ng đầy đủ</h3>\r\n\r\n<p>&Aacute;nh s&aacute;ng l&agrave; một yếu tố rất quan trọng m&agrave; gia chủ cần lưu &yacute; khi thiết kế v&agrave; trang tr&iacute;&nbsp;<strong>ph&ograve;ng tắm hợp phong thủy</strong>. Một căn ph&ograve;ng tắm đầy đủ &aacute;nh s&aacute;ng sẽ gi&uacute;p thu h&uacute;t năng lượng t&iacute;ch cực, mang lại hạnh ph&uacute;c v&agrave; t&agrave;i lộc cho gia chủ. Cửa sổ l&agrave; một chi tiết kh&ocirc;ng thể thiếu để căn ph&ograve;ng c&oacute; thể tận dụng tối đa &aacute;nh s&aacute;ng tự nhi&ecirc;n v&agrave;o ban ng&agrave;y.</p>\r\n\r\n<p>Đối với ph&ograve;ng tắm, bạn h&atilde;y chọn những loại đ&egrave;n c&oacute; &aacute;nh s&aacute;ng dịu để tr&aacute;nh ch&oacute;i mắt v&agrave; tạo cảm gi&aacute;c b&iacute; b&aacute;ch, kh&oacute; chịu, b&ecirc;n cạnh đ&oacute; cũng n&ecirc;n sử dụng c&aacute;c loại đ&egrave;n c&oacute; khả năng chống nước tốt với lớp vỏ b&ecirc;n ngo&agrave;i c&oacute; độ an to&agrave;n cao.</p>\r\n\r\n<h3>Thiết kế nội thất ph&ograve;ng tắm hợp phong thủy</h3>\r\n\r\n<p>Trong ph&ograve;ng tắm bạn n&ecirc;n thiết kế nội thất sao cho hợp l&yacute; nhất c&oacute; thể. H&igrave;nh dạng v&agrave; kết cấu của đồ d&ugrave;ng phải h&agrave;i h&ograve;a để thu h&uacute;t năng lượng t&iacute;ch cực v&agrave; tạo phong thủy tốt cho khu vực n&agrave;y. Khi sử dụng bồn tắm, gia chủ n&ecirc;n chọn loại bồn h&igrave;nh tr&ograve;n, h&igrave;nh chữ nhật, h&igrave;nh ngũ gi&aacute;c, hoặc h&igrave;nh lục gi&aacute;c đều được, tr&aacute;nh mua bồn tắm c&oacute; h&igrave;nh tam gi&aacute;c hoặc c&oacute; h&igrave;nh dạng kh&ocirc;ng r&otilde; r&agrave;ng.</p>\r\n\r\n<p>Hiện nay, ph&ograve;ng tắm v&agrave; nh&agrave; vệ sinh thường được thiết kế t&iacute;ch hợp trong c&ugrave;ng một ph&ograve;ng nhằm tiết kiệm diện t&iacute;ch v&agrave; mang đến sự tiện lợi cho qu&aacute; tr&igrave;nh sinh hoạt. C&aacute;c chuy&ecirc;n gia phong thủy khuy&ecirc;n bạn n&ecirc;n sử dụng v&aacute;ch ngăn k&iacute;nh, v&aacute;ch ngăn r&egrave;m chống thấm nước, c&aacute;c đường r&atilde;nh ph&acirc;n cấp nhỏ,&hellip; để ngăn c&aacute;ch khu vệ sinh v&agrave; khu vực tắm. Điều n&agrave;y ngăn kh&ocirc;ng cho hung kh&iacute; x&acirc;m nhập v&agrave;o cơ thể của người đang tắm trong ph&ograve;ng.</p>\r\n\r\n<h3>Ph&ograve;ng tắm n&ecirc;n b&agrave;y tr&iacute; th&ecirc;m c&acirc;y xanh</h3>\r\n\r\n<p>Việc bố tr&iacute; c&acirc;y xanh ph&ugrave; hợp&nbsp;<strong>phong thủy trong ph&ograve;ng tắm&nbsp;</strong>cũng mang lại t&aacute;c dụng rất tốt. Gia chủ n&ecirc;n chọn những loại c&acirc;y chịu được độ ẩm cao v&agrave; ph&aacute;t triển tốt trong m&ocirc;i trường thiếu &aacute;nh s&aacute;ng như c&acirc;y lưỡi hổ, trầu b&agrave;, nha đam, dương xỉ,&hellip;để trang tr&iacute; cho căn ph&ograve;ng n&agrave;y. C&acirc;y xanh kh&ocirc;ng chỉ mang đến vẻ đẹp sinh động cho nh&agrave; tắm m&agrave; c&ograve;n hỗ trợ rất tốt trong việc thanh lọc kh&ocirc;ng kh&iacute;.</p>\r\n\r\n<p>Ngo&agrave;i ra, chủ nh&acirc;n cũng c&oacute; thể trang tr&iacute; th&ecirc;m tranh ảnh, sử dụng những chiếc khăn nhiều m&agrave;u sắc để ph&ograve;ng tắm trở n&ecirc;n thu h&uacute;t hơn.</p>\r\n\r\n<p><img alt=\"\" src=\"https://cdn.houseviet.vn/images/25112021/1637827849855.jpg\" style=\"height:560px; width:840px\" /></p>\r\n\r\n<h2>Một số điều ki&ecirc;ng kỵ trong phong thủy nh&agrave; tắm</h2>\r\n\r\n<p>Trong thiết kế thi c&ocirc;ng nh&agrave; tắm c&oacute; rất nhiều điều ki&ecirc;ng kỵ m&agrave; bạn cần phải biết để tr&aacute;nh phạm phải phong thủy, dẫn đến gặp phải những điều kh&ocirc;ng may mắn trong cuộc sống cũng như trong c&ocirc;ng việc, c&ugrave;ng t&igrave;m hiểu một số điều ki&ecirc;ng kỵ trong phong thủy nh&agrave; tắm ở phần dưới đ&acirc;y.</p>\r\n\r\n<h3>Vị tr&iacute; đặt ph&ograve;ng tắm kh&ocirc;ng được ở trung t&acirc;m nh&agrave;</h3>\r\n\r\n<p>Về vị tr&iacute;&nbsp;<strong>x&acirc;y dựng nh&agrave; tắm hợp phong thủy</strong>, cần lưu &yacute; tr&aacute;nh đặt ph&ograve;ng tắm ở vị tr&iacute; trung t&acirc;m của ng&ocirc;i nh&agrave; v&igrave; n&oacute; sẽ l&agrave;m &ocirc; uế kh&ocirc;ng gian sống, kh&ocirc;ng tốt cho hạnh ph&uacute;c gia đ&igrave;nh. Phong thủy tin rằng trung t&acirc;m của ng&ocirc;i nh&agrave; giống như tr&aacute;i tim của một người, v&igrave; vậy nếu bạn đặt một c&ocirc;ng tr&igrave;nh phụ ở đ&acirc;y n&oacute; c&oacute; thể dẫn đến việc mọi người trong nh&agrave; mắc một số bệnh li&ecirc;n quan đến h&agrave;nh thủy, chẳng hạn như tiết niệu, c&aacute;c bệnh về thận, ph&ugrave; thũng, b&agrave;i tiết,&hellip;</p>\r\n\r\n<p>Ngo&agrave;i ra, gia chủ kh&ocirc;ng n&ecirc;n đặt ph&ograve;ng tắm gần cửa ra v&agrave;o, gần bếp, ph&ograve;ng kh&aacute;ch, ph&ograve;ng thờ, nếu kh&ocirc;ng sẽ trở th&agrave;nh hung kh&iacute; v&agrave; c&oacute; thể g&acirc;y ra những tai họa khủng khiếp.</p>\r\n\r\n<h3>Kh&ocirc;ng thiết kế cửa nh&agrave; tắm đối diện cửa ch&iacute;nh ra v&agrave;o</h3>\r\n\r\n<p>Cửa nh&agrave; tắm v&agrave; cửa ra v&agrave;o kh&ocirc;ng được quay về c&ugrave;ng một hướng. Phong thủy truyền thống cho rằng cửa ch&iacute;nh của ng&ocirc;i nh&agrave; l&agrave; cửa kh&iacute;, l&agrave; nơi sinh kh&iacute; đi v&agrave;o, sinh kh&iacute; cần được di chuyển một c&aacute;ch h&agrave;i h&ograve;a xung quanh ng&ocirc;i nh&agrave;. Khi cửa nh&agrave; vệ sinh đối diện trực tiếp với cửa ch&iacute;nh của ng&ocirc;i nh&agrave; th&igrave; năng lượng b&ecirc;n ngo&agrave;i v&agrave;o nh&agrave; sẽ hướng thẳng v&agrave;o nh&agrave; vệ sinh, một nơi c&oacute; kh&iacute; kh&ocirc;ng tinh khiết v&agrave; nhiều &acirc;m kh&iacute;.</p>\r\n\r\n<p>Từ g&oacute;c độ m&ocirc;i trường v&agrave; t&acirc;m l&yacute;, những người kh&aacute;ch khi đến nh&agrave; chơi điều đầu ti&ecirc;n họ thấy sau khi bước v&agrave;o nh&agrave; lại ch&iacute;nh l&agrave; nh&agrave; tắm, điều đ&oacute; thực sự l&agrave; kh&ocirc;ng được thẩm mỹ cũng như kh&ocirc;ng bảo vệ được sự ri&ecirc;ng tư.</p>\r\n\r\n<p><img alt=\"\" src=\"https://cdn.houseviet.vn/images/25112021/1637828013631.jpg\" style=\"height:570px; width:817px\" /></p>\r\n\r\n<h3>Kh&ocirc;ng để đầu giường tựa v&agrave;o tường nh&agrave; tắm</h3>\r\n\r\n<p>Đầu giường v&agrave; đầu người nằm cần phải l&agrave; nơi cao r&aacute;o, y&ecirc;n tĩnh để sức khỏe ổn định. Nh&agrave; tắm lại thuộc Thủy mang t&iacute;nh động. Việc bố tr&iacute; giường ngủ cạnh nh&agrave; tắm, hay thậm ch&iacute; chỉ k&ecirc; giường s&aacute;t tường nh&agrave; tắm cũng sẽ l&agrave;m bạn kh&ocirc;ng c&oacute; được giấc ngủ ngon. Ngo&agrave;i ra, nh&agrave; tắm lại l&agrave; nơi dễ d&agrave;ng cho vi khuẩn g&acirc;y bệnh l&acirc;y lan, kh&ocirc;ng tốt cho sức khỏe của bạn.</p>\r\n','admin','true','0000-00-00',2),(19,'Review dự án Tân Hiệp Central: Đất nền sổ đỏ, hạ tầng hoàn thiện','1600218930424.jpg','<p><strong>Khu đ&ocirc; thị l&agrave; cụm từ c&ograve;n kh&aacute; mới mẻ so với&nbsp;thị trường Bất Động Sản&nbsp;ở B&igrave;nh Dương n&oacute;i chung v&agrave; thị x&atilde; T&acirc;n Uy&ecirc;n n&oacute;i ri&ecirc;ng. Nhưng kh&ocirc;ng v&igrave; thế m&agrave;&nbsp;dự &aacute;n&nbsp;T&acirc;n Hiệp Central nhận được &iacute;t sự quan t&acirc;m từ kh&aacute;ch h&agrave;ng c&oacute; nhu cầu sở hữu&nbsp;bất động sản. Trong b&agrave;i viết n&agrave;y, ch&uacute;ng t&ocirc;i sẽ cung cấp v&agrave;i th&ocirc;ng tin đ&aacute;ng ch&uacute; &yacute; của dự &aacute;n n&agrave;y cho mọi người c&ugrave;ng tham khảo.</strong></p>\r\n\r\n<h2><strong>Dự &aacute;n T&acirc;n Hiệp Central c&oacute; c&ocirc;ng vi&ecirc;n lớn nhất khu vực T&acirc;n Hiệp</strong></h2>\r\n\r\n<p>Khu đ&ocirc; thị T&acirc;n Hiệp Central tọa lạc ngay trung t&acirc;m phường T&acirc;n Hiệp, tr&ecirc;n con đường lớn T&acirc;n Hiệp 17 với lộ giới 17m thuộc thị x&atilde; T&acirc;n Uy&ecirc;n, B&igrave;nh Dương. Với vị tr&iacute; thuận lợi gần KCN Nam T&acirc;n Uy&ecirc;n v&agrave; c&aacute;c tuyến đường huyết mạch DT745, DT746, dự &aacute;n dễ d&agrave;ng kết nối với khu vực ph&aacute;t triển ph&iacute;a Nam.</p>\r\n\r\n<p>Điểm đ&aacute;ng kể l&agrave; dự &aacute;n d&agrave;nh ra 4.700 m&sup2; trong tổng diện t&iacute;ch 7,7 ha để x&acirc;y dựng c&ocirc;ng vi&ecirc;n nội khu. C&ocirc;ng vi&ecirc;n được ph&acirc;n l&agrave;m 3 phần với phố đi bộ, khu sinh hoạt ngo&agrave;i trời v&agrave; khu vui chơi trẻ em.</p>\r\n\r\n<p><img alt=\"\" src=\"https://cdn.houseviet.vn/images/16092020/1600219003589.jpg\" style=\"height:429px; width:765px\" /></p>\r\n\r\n<p>Phố đi bộ được trang điểm bằng 1 m&agrave;u xanh tươi m&aacute;t, cung cấp năng lượng t&iacute;ch cực cho cư d&acirc;n nơi đ&acirc;y. Nơi thư gi&atilde;n mỗi khi chiều về hay g&oacute;c sinh hoạt ngo&agrave;i trời của gia đ&igrave;nh cũng được thiết kế tỉ mỉ với 3 hồ cảnh quan m&aacute;t mẻ, những h&agrave;ng ghế đ&aacute; v&agrave; những chiếc m&aacute;y tập thể dục. Những bạn nhỏ th&igrave; đ&atilde; c&oacute; khu vui chơi li&ecirc;n ho&agrave;n rộng lớn, thỏa sức n&ocirc; đ&ugrave;a ph&aacute;t triển kỹ năng vận động.</p>\r\n\r\n<p><img alt=\"\" src=\"https://cdn.houseviet.vn/images/16092020/1600218969996.jpg\" style=\"height:429px; width:765px\" /></p>\r\n\r\n<p>Ngo&agrave;i ra, chủ đầu tư dự &aacute;n Khu đ&ocirc; thị T&acirc;n Hiệp Central c&ograve;n x&acirc;y dựng hẳn 1 trường mẫu gi&aacute;o trong nội khu để ba mẹ y&ecirc;n t&acirc;m v&agrave; tiết kiệm thời gian đưa đ&oacute;n những thi&ecirc;n thần nhỏ.</p>\r\n\r\n<h2><strong>Tiềm năng ph&aacute;t triển kh&aacute; lớn của Khu đ&ocirc; thị T&acirc;n Hiệp Central</strong></h2>\r\n\r\n<p>Khu đ&ocirc; thị tiếp gi&aacute;p với nhiều phường x&atilde;, xung quang l&agrave; c&aacute;c KCN lớn của T&acirc;n Uy&ecirc;n n&ecirc;n khả năng ph&aacute;t triển cao. Nhu cầu về nh&agrave; ở của khu vực n&agrave;y v&igrave; thế c&oacute; nhiều biến động theo xu hướng tăng mạnh.</p>\r\n\r\n<p>Vị tr&iacute; của dự &aacute;n n&agrave;y c&ograve;n c&oacute; lợi thế nhờ nằm gần c&aacute;c tuyến đường lớn sắp quy hoạch triển khai. Đ&oacute; l&agrave; đại lộ Uy&ecirc;n Hưng &ndash; Thủ Dầu &ndash; Bi&ecirc;n H&ograve;a với lộ giới 74m, c&aacute;ch Khu đ&ocirc; thị T&acirc;n Hiệp Central chỉ v&agrave;i ph&uacute;t chạy xe. Th&ocirc;ng thường theo tự nhi&ecirc;n th&igrave; gi&aacute; trị của Khu đ&ocirc; thị sẽ tăng theo tiến tr&igrave;nh bắt đầu x&acirc;y dựng tuyến đường quan trọng n&agrave;y. Khả năng đầu tư sở hữu&nbsp;đất nền dự &aacute;n&nbsp;sẽ mạnh v&agrave; nhanh hơn.</p>\r\n\r\n<p><img alt=\"\" src=\"https://cdn.houseviet.vn/images/16092020/1600219028006.jpg\" style=\"height:535px; width:757px\" /></p>\r\n\r\n<h2><strong>Ho&agrave;n to&agrave;n an t&acirc;m về t&iacute;nh ph&aacute;p l&yacute; của dự &aacute;n</strong></h2>\r\n\r\n<p>Khu đ&ocirc; thị T&acirc;n Hiệp Central đ&atilde; c&oacute; sổ hồng ri&ecirc;ng cho từng nền (tổng dự &aacute;n c&oacute; 554 sản phẩm). Kh&aacute;ch h&agrave;ng kh&ocirc;ng c&ograve;n lo lắng về thời gian cấp sổ chậm trễ m&agrave; c&oacute; thể y&ecirc;n t&acirc;m sở hữu đất nền với gi&aacute; cả v&ocirc; c&ugrave;ng hợp l&yacute;.</p>\r\n\r\n<p>Mức gi&aacute; tham khảo của dự &aacute;n l&agrave; từ 864 triệu/ nền. Nhằm hỗ trợ người mua tối đa nhất, chủ đầu tư &ndash; c&ocirc;ng ty TNHH Đầu tư Bất Động Sản Th&aacute;i B&igrave;nh li&ecirc;n kết với ng&acirc;n h&agrave;ng TP Bank mang lại g&oacute;i hỗ trợ vay 50% l&ecirc;n tới 20 năm. Đ&acirc;y ắt hẳn l&agrave; 1 tin vui cho những ai muốn sở hữu sản phẩm đất nền c&oacute; gi&aacute; trị hiện hữu v&agrave; khả năng ph&aacute;t triển cao trong tương lai gần.</p>\r\n','admin','true','0000-00-00',2),(20,'Review dự án Precia Quận 2: Sự lựa chọn đáng giá','1600044764763.jpg','<p><strong>Precia Quận 2 l&agrave; c&aacute;i t&ecirc;n được t&igrave;m kiếm kh&aacute; nhiều đối với những ai quan t&acirc;m đến&nbsp;<a href=\"https://houseviet.vn/tin-tuc-thi-truong\" target=\"_blank\">t</a>hị trường Bất Động Sản&nbsp;Quận 2, Tp. Hồ Ch&iacute; Minh.&nbsp;</strong></p>\r\n\r\n<h2><strong>Precia Quận 2 c&oacute; vị tr&iacute; v&ocirc; c&ugrave;ng thuận lợi v&agrave; đẹp mắt</strong></h2>\r\n\r\n<p>Tọa lạc ngay mặt tiền đường Nguyễn Thị Định rộng lớn thuộc t&acirc;m điểm Quận 2, Precia Quận 2 c&ograve;n c&oacute; một mặt gi&aacute;p với s&ocirc;ng Giồng &Ocirc;ng Tố. Dự &aacute;n n&agrave;y hứa hẹn l&agrave; 1 nơi sống l&yacute; tưởng với kh&ocirc;ng gian mở rộng v&agrave; tho&aacute;ng m&aacute;t ven s&ocirc;ng v&agrave; c&oacute; g&oacute;c nh&igrave;n đẹp hướng ra cảnh s&ocirc;ng nước. Từ vị tr&iacute; n&agrave;y di chuyển đến c&aacute;c quận trung t&acirc;m th&agrave;nh phố cũng rất tiện lợi th&ocirc;ng qua hầm Thủ Thi&ecirc;m, cầu Ph&uacute; Mỹ, đại lộ Mai Ch&iacute; Thọ, &hellip; Chỉ mất khoảng 5 ph&uacute;t để đến KĐT Thủ Thi&ecirc;m hay KĐT Nam Rạch Chiếc.</p>\r\n\r\n<p>Ngo&agrave;i ra dự &aacute;n n&agrave;y c&ograve;n c&oacute; thể dễ d&agrave;ng kết nối với tuyến đường cao tốc Long Th&agrave;nh &ndash; Dầu Gi&acirc;y, hướng đi Đồng Nai, Vũng T&agrave;u, &hellip;</p>\r\n\r\n<p><img alt=\"\" src=\"https://cdn.houseviet.vn/images/14092020/1600044869502.jpg\" style=\"height:513px; width:700px\" /></p>\r\n\r\n<h2><strong>Dự &aacute;n Precia Quận 2 c&oacute; những đặc điểm nổi bật, thu h&uacute;t giới đầu tư</strong></h2>\r\n\r\n<p>Đ&acirc;y l&agrave; dự &aacute;n thuộc 1 phần của&nbsp;khu chung cư&nbsp;D&rsquo;Lusso. Với diện t&iacute;ch l&ecirc;n đến 7.156,4 m&sup2;, dự &aacute;n được thiết kế s&aacute;ng tạo như 1 khối th&aacute;p chữ T c&oacute; 1 tầng hầm, 1 tầng thương mại v&agrave; 22 tầng căn hộ. Dự &aacute;n đặc biệt ch&uacute; trọng đến việc x&acirc;y dựng hệ thống tiện &iacute;ch mang đến kh&ocirc;ng gian sống an nhi&ecirc;n, như t&aacute;ch biệt với ồn &agrave;o b&ecirc;n ngo&agrave;i. &nbsp;Diện t&iacute;ch mỗi căn hộ dao động từ 48 m&sup2; đến 97 m&sup2; đa dạng về số lượng ph&ograve;ng ngủ. Người mua c&oacute; thể dễ d&agrave;ng lựa chọn loại 1 ph&ograve;ng ngủ hay 2 hoặc 3 ph&ograve;ng &nbsp;ngủ t&ugrave;y nhu cầu sử dụng.</p>\r\n\r\n<p><img alt=\"\" src=\"https://cdn.houseviet.vn/images/14092020/1600044804967.jpg\" style=\"height:330px; width:586px\" /></p>\r\n\r\n<p>B&ecirc;n cạnh đ&oacute; dự &aacute;n c&ograve;n cung ứng 8 căn shophouse v&agrave; 12 căn penhouse với diện t&iacute;ch rộng đến 116,2 m&sup2;. Tiện &iacute;ch dịch vụ b&ecirc;n trong dự &aacute;n Precia Quận 2 cũng rất đầy đủ tiện nghi như hồ bơi tr&ecirc;n cao, hồ cảnh quan, ph&ograve;ng tập gym, yoga, sky garden, sảnh đ&oacute;n th&aacute;c nước ho&agrave;nh tr&aacute;ng, cabana xanh trong l&agrave;nh.</p>\r\n\r\n<h2><strong>Precia Quận 2 l&agrave; dự &aacute;n sở hữu nhiều yếu tố đắt gi&aacute;&nbsp;</strong></h2>\r\n\r\n<p>Với hiện trạng ph&aacute;p l&yacute; chắc chắn v&igrave; đ&atilde; c&oacute; giấy ph&eacute;p x&acirc;y dựng, c&ocirc;ng ty TNHH Kinh doanh Địa ốc Minh Th&ocirc;ng &ndash; đơn vị chủ đầu tư dự &aacute;n mong muốn mang lại sự tin tưởng tuyệt đối cho kh&aacute;ch h&agrave;ng. Thực chất Minh Th&ocirc;ng l&agrave; c&ocirc;ng ty con của tập đo&agrave;n Điền Ph&uacute;c Th&agrave;nh &ndash; đơn vị n&agrave;y đ&atilde; thực hiện rất nhiều dự &aacute;n lớn ở Quận 2 v&agrave; Quận 9. Đơn vị ph&aacute;t triển dự &aacute;n l&agrave; nh&agrave; thầu Phước Th&agrave;nh c&oacute; gần 15 năm kinh nghiệm về thiết kế v&agrave; x&acirc;y dựng. Về mặt kiến tr&uacute;c do c&ocirc;ng ty Green Design đảm nhiệm v&agrave; đ&atilde; tạo ra 1 c&ocirc;ng tr&igrave;nh với những n&eacute;t ri&ecirc;ng kh&ocirc;ng lẫn v&agrave;o đ&acirc;u được.</p>\r\n\r\n<p><img alt=\"\" src=\"https://cdn.houseviet.vn/images/14092020/1600044900106.jpg\" style=\"height:535px; width:764px\" /></p>\r\n\r\n<p>Mặt bằng dự &aacute;n Precia</p>\r\n\r\n<p>Một dự &aacute;n ho&agrave;n hảo về quy m&ocirc; nhưng lại c&oacute; mức gi&aacute; b&aacute;n cạnh tranh chỉ từ 49 triệu/ m&sup2;. Đ&acirc;y c&oacute; thể coi l&agrave; 1 mức gi&aacute; hợp l&yacute; với dự &aacute;n c&oacute; tầm nh&igrave;n ven s&ocirc;ng lại thuộc trung t&acirc;m Quận 2.</p>\r\n\r\n<p>Ngo&agrave;i ra việc thanh to&aacute;n cũng rất nhẹ nh&agrave;ng với chi ph&iacute; ban đầu 30% nhận nh&agrave;, sau đ&oacute; c&ograve;n được hỗ trợ vay l&atilde;i suất 0%.</p>\r\n\r\n<p>M&ocirc;i trường sống tiện nghi, y&ecirc;n tĩnh, với những mảng xanh trong l&agrave;nh, khu thư gi&atilde;n được thiết kế th&ocirc;ng minh, Precia Quận 2 hứa hẹn l&agrave; nơi sống kh&aacute; l&yacute; tưởng cho những ai chuộng phong c&aacute;ch hiện đại, hướng đến cuộc sống đẳng cấp.</p>\r\n','admin','true','0000-00-00',1),(30,'123','1920x580_atlas_.png','<p>php1</p>\r\n','admin','true','0000-00-00',1);
/*!40000 ALTER TABLE `bai_viet` ENABLE KEYS */;
UNLOCK TABLES;

--
-- Table structure for table `bang_tin`
--

DROP TABLE IF EXISTS `bang_tin`;
/*!40101 SET @saved_cs_client     = @@character_set_client */;
/*!40101 SET character_set_client = utf8 */;
CREATE TABLE `bang_tin` (
  `id_san_pham` int(10) NOT NULL AUTO_INCREMENT,
  `ten_san_pham` varchar(50) NOT NULL,
  `gia_san_pham` float NOT NULL,
  `hinh_san_pham` varchar(50) NOT NULL,
  `dia_chi` varchar(50) NOT NULL,
  `thong_tin_mo_ta` text NOT NULL,
  `ngay_dang` date NOT NULL,
  `luot_xem` int(11) NOT NULL,
  `so_dien_thoai` int(1) NOT NULL,
  `id_danh_muc` int(10) NOT NULL,
  `id_loai_dat` int(10) NOT NULL,
  `ten_dang_nhap` varchar(50) NOT NULL,
  `chieu_rong` float NOT NULL,
  `chieu_dai` float NOT NULL,
  `trang_thai` tinytext NOT NULL,
  PRIMARY KEY (`id_san_pham`),
  KEY `id_danh_muc` (`id_danh_muc`),
  KEY `ten_dang_nhap` (`ten_dang_nhap`),
  KEY `id_loai_dat` (`id_loai_dat`),
  CONSTRAINT `bang_tin_ibfk_1` FOREIGN KEY (`id_danh_muc`) REFERENCES `danh_muc` (`id_danh_muc`) ON DELETE CASCADE ON UPDATE CASCADE,
  CONSTRAINT `bang_tin_ibfk_2` FOREIGN KEY (`ten_dang_nhap`) REFERENCES `khach_hang` (`ten_dang_nhap`) ON DELETE CASCADE ON UPDATE CASCADE
) ENGINE=InnoDB AUTO_INCREMENT=116 DEFAULT CHARSET=utf8mb4;
/*!40101 SET character_set_client = @saved_cs_client */;

--
-- Dumping data for table `bang_tin`
--

LOCK TABLES `bang_tin` WRITE;
/*!40000 ALTER TABLE `bang_tin` DISABLE KEYS */;
INSERT INTO `bang_tin` VALUES (39,'Căn hộ Beverly Vinhomes Grand Park',3,'OIF (1).jpg','Hà Nội','căn hộ cao cấp','2021-12-10',37,896325412,1,0,'admin',5,10,'true'),(40,'CĂN HỘ ASTRAL CITY BÌNH DƯƠNG',4,'th.jfif','Bình Dương','căn hộ cao cấp','2021-12-10',60,325644522,1,0,'admin',4,6,'true'),(41,'CĂN HỘ CITI GRAND BÌNH THẠNH',3,'132817708268942276-280x185.jpg','TP. Hồ Chí Minh','căn hộ cao cấp, hiện đại','2021-12-10',14,325685214,1,0,'admin',10,20,'true'),(42,'CĂN HỘ GRAND CITY',1,'can-ho-citi-grand-quan-2-1582340598495.jpg','Hà Nội','căn hộ cao cấp, hiện đại','2021-12-10',37,356854752,1,0,'admin',5,20,'true'),(43,'CĂN HỘ VIP SKY GARDEN ARIADIAS',1,'canhocaocap.jpg','Cần Thơ','căn hộ cao cấp, hiện đại','2021-12-10',1,325681114,1,0,'admin',10,40,'true'),(47,'BIỆT THỰ BEVERLY HILL RESORT',3,'chungcu2.jpg','Hà Nội','chung cư cao cấp','2021-12-10',3,326884321,1,0,'admin',3,7,'true'),(48,'BIỆT THỰ BEVERLY HILL HÀ NỘI',2,'chungcu4.jpg','Hà Nội','chung cư mới, đẹp','2021-12-10',1,325682145,1,0,'admin',10,20,'true'),(49,'PARIS HOÀNG KIM QUẬN 2 ',4,'can-ho-citi-grand-quan-2-1582340598495.jpg','TP. Hồ Chí Minh','chung cư mới, đẹp','2021-12-10',0,325683411,1,0,'admin',3,5,'true'),(50,'THÁP GEMINI CĂN HỘ ASTRAL CITY',1,'OIF (1).jpg','Cần Thơ','chung cư mới, đẹp','2021-12-10',0,325697522,1,0,'admin',5,10,'true'),(51,'THÁP GEMINI CĂN HỘ ASTRAL CITY CẦN THƠ',1,'chungcu4.jpg','Cần Thơ','chung cư mới, đẹp','2021-12-10',1,325644234,1,0,'admin',5,10,'true'),(52,'CĂN HỘ VIP SKY GARDEN ARIA TÂN BÌNH',2,'chungcu3.jpg','TP. Hồ Chí Minh','chung cư mới, đẹp','2021-12-10',0,235112442,1,0,'admin',10,20,'true'),(53,'CĂN HỘ CITI GRAND HOÀN KIẾM',3,'chungcu4.jpg','Hà Nội','chung cư cao cấp','2021-12-10',2,856324522,1,0,'admin',3,10,'true'),(54,'CĂN HỘ VIP SKY GARDEN',1,'132680303527462253-280x185.jpg','Cần Thơ','chung cư cao cấp','2021-12-13',5,325685654,1,0,'admin',4,20,'true'),(55,'CĂN HỘ SKY GARDEN',4,'canho.jpg','Cần Thơ','chung cư cao cấp','2021-12-10',0,325697332,1,0,'admin',5,20,'true'),(56,'CĂN HỘ GRAND RAND',3,'chungcu2.jpg','TP. Hồ Chí Minh','chung cư mới, đẹp','2021-12-10',0,325687432,1,0,'admin',8,20,'true'),(84,'CHUNG CƯ PHÚ THỊNH PLAZA HỒ CHÍ MINH',1,'1605769039626.jpg','TP. Hồ Chí Minh','<p>Chung cư cao cấp, hiện đại</p>\r\n','2021-12-15',22,907673005,2,0,'admin',5,20,'true'),(85,'CHUNG CƯ CAO CẤP LÉMAN LUXURY, QUẬN 3',9,'132610453047928880-765x535.jpg','Cần Thơ','<p>Chung cư mới, hiện đại đang được săn đ&oacute;n.</p>\r\n','2021-12-15',0,376088551,2,0,'admin',3,6,'true'),(86,'PENTHOUSE QUẬN 7 SANG TRỌNG, NGẮM TRỌN VIEW THÀNH ',8,'132814470459621039-840x535.jpg','TP. Hồ Chí Minh','<p>Thiết kế sang trọng, cao cấp.</p>\r\n','2021-12-15',0,907673005,2,0,'admin',4,8,'true'),(87,'PENTHOUSE PRECIA QUẬN 2 - CĂN HỘ CAO CẤP, KHẲNG ĐỊ',9,'132821344646762471-840x535.jpg','TP. Hồ Chí Minh','<p>Chung cư cao cấp, được săn đ&oacute;n.</p>\r\n','2021-12-15',0,988800046,2,0,'admin',5,10,'true'),(88,'CHUNG CƯ PHÚ THỊNH PLAZA HÀ NỘI',8,'1605769001599.jpg','Hà Nội','<p>Chung cư mới, hiện đại đang được săn đ&oacute;n.</p>\r\n','2021-12-15',1,376088551,2,0,'admin',3,6,'true'),(89,'ĐẤT TRỒNG CÂY LÂU NĂM Ở ĐỘI 7 XÃ TÂN XÃ THẠCH THẤT',13,'20211214210337-75db_wm.jpg','Hà Nội','<p>Th&iacute;ch hợp x&acirc;y nh&agrave;, trồng c&acirc;y.</p>\r\n','2021-12-15',6,907673005,3,2,'admin',20,50,'true'),(90,'CẦN BÁN GẤP ĐẤT THỔ CƯ THỊ TRẤN ĐẤT ĐỎ',1,'20211214085555-8dba_wm.jpg','Cần Thơ','<p>Th&iacute;ch hợp x&acirc;y nh&agrave;.</p>\r\n','2021-12-15',0,907673005,3,1,'admin',10,30,'true'),(91,'CẦN BÁN LÔ ĐẤT VUÔNG VẮN SIÊU ĐẸP, VỊ TRÍ ĐẮC ĐỊA ',2,'20211214210337-75db_wm.jpg','Hà Nội','<p>X&acirc;y dựng nh&agrave; ở, c&ocirc;ng ty.</p>\r\n','2021-12-15',9,988800046,3,1,'admin',20,40,'true'),(92,'CẦN TIỀN BÁN ĐẤT NỀN NGAY SÂN GOLF LONG THÀNH XÂY ',1,'20211215123744-c410_wm.jpg','Bình Dương','<p>X&acirc;y nh&agrave; ở, c&ocirc;ng ty, khu vui chơi.</p>\r\n','2021-12-15',1,907673005,3,2,'admin',10,10,'false'),(93,'BÁN ĐẤT DỰ ÁN INOHA CITY 15 LÔ NGOẠI GIAO SIÊU KHA',2,'1600218930424.jpg','TP. Hồ Chí Minh','<p>X&acirc;y c&ocirc;ng ty, khu vui chơi, nh&agrave; ở.</p>\r\n','2021-12-15',1,907673005,3,2,'admin',30,40,'false'),(115,'huynh',3,'1920x580_atlas_2.png','Cần thơ','<p>php1</p>\r\n','2022-08-16',0,907673005,2,0,'admin',5,20,'false');
/*!40000 ALTER TABLE `bang_tin` ENABLE KEYS */;
UNLOCK TABLES;

--
-- Table structure for table `binh_luan`
--

DROP TABLE IF EXISTS `binh_luan`;
/*!40101 SET @saved_cs_client     = @@character_set_client */;
/*!40101 SET character_set_client = utf8 */;
CREATE TABLE `binh_luan` (
  `id_binh_luan` int(10) NOT NULL AUTO_INCREMENT,
  `id_san_pham` int(10) NOT NULL,
  `ten_dang_nhap` varchar(50) COLLATE utf8mb4_unicode_ci NOT NULL,
  `noi_dung` text COLLATE utf8mb4_unicode_ci NOT NULL,
  `ngay` date NOT NULL,
  PRIMARY KEY (`id_binh_luan`),
  KEY `id_san_pham` (`id_san_pham`),
  KEY `ten_dang_nhap` (`ten_dang_nhap`),
  CONSTRAINT `binh_luan_ibfk_1` FOREIGN KEY (`id_san_pham`) REFERENCES `bang_tin` (`id_san_pham`) ON DELETE CASCADE ON UPDATE CASCADE
) ENGINE=InnoDB AUTO_INCREMENT=51 DEFAULT CHARSET=utf8mb4 COLLATE=utf8mb4_unicode_ci;
/*!40101 SET character_set_client = @saved_cs_client */;

--
-- Dumping data for table `binh_luan`
--

LOCK TABLES `binh_luan` WRITE;
/*!40000 ALTER TABLE `binh_luan` DISABLE KEYS */;
INSERT INTO `binh_luan` VALUES (49,39,'admin','chung cư mới','2022-08-14'),(50,39,'admin','đẹp quá','2022-08-16');
/*!40000 ALTER TABLE `binh_luan` ENABLE KEYS */;
UNLOCK TABLES;

--
-- Table structure for table `bt_chi_tiet`
--

DROP TABLE IF EXISTS `bt_chi_tiet`;
/*!40101 SET @saved_cs_client     = @@character_set_client */;
/*!40101 SET character_set_client = utf8 */;
CREATE TABLE `bt_chi_tiet` (
  `id_san_pham_chi_tiet` int(10) NOT NULL AUTO_INCREMENT,
  `id_san_pham` int(10) NOT NULL,
  `huong_nha` varchar(50) NOT NULL,
  `phap_ly` varchar(50) NOT NULL,
  `noi_that` varchar(50) NOT NULL,
  `so_phong` int(10) NOT NULL,
  `ban_do` text NOT NULL,
  `dien_tich` float NOT NULL,
  PRIMARY KEY (`id_san_pham_chi_tiet`),
  KEY `id_san_pham` (`id_san_pham`)
) ENGINE=InnoDB AUTO_INCREMENT=76 DEFAULT CHARSET=utf8mb4;
/*!40101 SET character_set_client = @saved_cs_client */;

--
-- Dumping data for table `bt_chi_tiet`
--

LOCK TABLES `bt_chi_tiet` WRITE;
/*!40000 ALTER TABLE `bt_chi_tiet` DISABLE KEYS */;
INSERT INTO `bt_chi_tiet` VALUES (10,32,'Đông','4m','Full',4,'<iframe src=\"https://www.google.com/maps/embed?pb=!1m18!1m12!1m3!1d3928.9694871462198!2d105.75736461435288!3d10.0193765928379!2m3!1f0!2f0!3f0!3m2!1i1024!2i768!4f13.1!3m3!1m2!1s0x31a088482fb773f7%3A0x6b3fac9bccaf9430!2zxJAuIDMtMiwgTmluaCBLaeG7gXUsIEPhuqduIFRoxqEsIFZp4buHdCBOYW0!5e0!3m2!1svi!2s!4v1638643821766!5m2!1svi!2s\" width=\"600\" height=\"450\" style=\"border:0;\" allowfullscreen=\"\" loading=\"lazy\"></iframe>',384),(11,33,'1321','3123','2313',321,'31',97185),(12,34,'Đông Nam','Sở hữu lâu dài','Mới, hiện đại',40,'<iframe src=\"https://www.google.com/maps/embed?pb=!1m18!1m12!1m3!1d501000.48737211927!2d106.37077934990376!3d11.182726442985766!2m3!1f0!2f0!3f0!3m2!1i1024!2i768!4f13.1!3m3!1m2!1s0x3174b66a8ef92879%3A0x339fda891c8d1473!2sBinh%20Duong%2C%20Vietnam!5e0!3m2!1sen!2s!4v1639119423431!5m2!1sen!2s\" width=\"600\" height=\"450\" style=\"border:0;\" allowfullscreen=\"\" loading=\"lazy\"></iframe>',2475),(13,35,'Tây','Giấy tờ đầy đủ','Full',25,'<iframe src=\"https://www.google.com/maps/embed?pb=!1m18!1m12!1m3!1d3920.069345215523!2d106.70752141382212!3d10.729134963001034!2m3!1f0!2f0!3f0!3m2!1i1024!2i768!4f13.1!3m3!1m2!1s0x31752f80ec4bb809%3A0xc62cf566982e23ba!2zTmd1eeG7hW4gVsSDbiBMaW5oLCBRdeG6rW4gNywgVGjDoG5oIHBo4buRIEjhu5MgQ2jDrSBNaW5oLCBWaWV0bmFt!5e0!3m2!1sen!2s!4v1639119797360!5m2!1sen!2s\" width=\"600\" height=\"450\" style=\"border:0;\" allowfullscreen=\"\" loading=\"lazy\"></iframe>',24),(14,36,'Đông Nam','Sở hữu lâu dài','Mới, hiện đại',30,'<iframe src=\"https://www.google.com/maps/embed?pb=!1m18!1m12!1m3!1d3930.1260734083785!2d106.34433061381577!3d9.923456877072608!2m3!1f0!2f0!3f0!3m2!1i1024!2i768!4f13.1!3m3!1m2!1s0x31a0175ea296facb%3A0x55ded92e29068221!2sTr%C3%A0%20Vinh%20University!5e0!3m2!1sen!2s!4v1639120081991!5m2!1sen!2s\" width=\"600\" height=\"450\" style=\"border:0;\" allowfullscreen=\"\" loading=\"lazy\"></iframe>',30),(15,37,'Tây Nam','Sở hữu lâu dài','Full',20,'<iframe src=\"https://www.google.com/maps/embed?pb=!1m18!1m12!1m3!1d3924.916185419122!2d107.0800016138191!3d10.348586769776825!2m3!1f0!2f0!3f0!3m2!1i1024!2i768!4f13.1!3m3!1m2!1s0x31756fec40a8e19d%3A0x1c99e485c14b2601!2sBa%20Ria%20-%20Vung%20Tau%20University!5e0!3m2!1sen!2s!4v1639120412532!5m2!1sen!2s\" width=\"600\" height=\"450\" style=\"border:0;\" allowfullscreen=\"\" loading=\"lazy\"></iframe>',200),(16,38,'Đông Nam','Giấy tờ đầy đủ','Full',10,'<iframe src=\"https://www.google.com/maps/embed?pb=!1m18!1m12!1m3!1d31357.777438596488!2d106.65128280755526!3d10.755881671392997!2m3!1f0!2f0!3f0!3m2!1i1024!2i768!4f13.1!3m3!1m2!1s0x31752efb7d184b87%3A0xab92c1d33fffeb7!2sDistrict%205%2C%20Ho%20Chi%20Minh%20City%2C%20Vietnam!5e0!3m2!1sen!2s!4v1639120554423!5m2!1sen!2s\" width=\"600\" height=\"450\" style=\"border:0;\" allowfullscreen=\"\" loading=\"lazy\"></iframe>',18),(17,39,'Đông Nam','Giấy tờ đầy đủ','Mới, hiện đại',30,'<iframe src=\"https://www.google.com/maps/embed?pb=!1m18!1m12!1m3!1d13270.700499381192!2d105.83053346317762!3d21.034107698085514!2m3!1f0!2f0!3f0!3m2!1i1024!2i768!4f13.1!3m3!1m2!1s0x3135ab9bd9861ca1%3A0xe7887f7b72ca17a9!2zSGFub2ksIEhvw6BuIEtp4bq_bSwgSGFub2ksIFZpZXRuYW0!5e0!3m2!1sen!2s!4v1639120713012!5m2!1sen!2s\" width=\"600\" height=\"450\" style=\"border:0;\" allowfullscreen=\"\" loading=\"lazy\"></iframe>',50),(18,40,'Tây Nam','Sở hữu lâu dài','Full',20,'<iframe src=\"https://www.google.com/maps/embed?pb=!1m18!1m12!1m3!1d3918.031485372243!2d106.74713376382346!3d10.885209760155174!2m3!1f0!2f0!3f0!3m2!1i1024!2i768!4f13.1!3m3!1m2!1s0x3174d86d7aaa680b%3A0x9c00b5afc2e13c42!2zVHJpdW1waCBJbnRlcm5hdGlvbmFsLCBExKkgQW4sIFRow6BuaCBwaOG7kSBI4buTIENow60gTWluaCwgVmlldG5hbQ!5e0!3m2!1sen!2s!4v1639120843046!5m2!1sen!2s\" width=\"600\" height=\"450\" style=\"border:0;\" allowfullscreen=\"\" loading=\"lazy\"></iframe>',24),(19,41,'Đông Bắc','Giấy tờ đầy đủ','Full',30,'<iframe src=\"https://www.google.com/maps/embed?pb=!1m18!1m12!1m3!1d31357.777438596488!2d106.65128280755526!3d10.755881671392997!2m3!1f0!2f0!3f0!3m2!1i1024!2i768!4f13.1!3m3!1m2!1s0x31752efb7d184b87%3A0xab92c1d33fffeb7!2sDistrict%205%2C%20Ho%20Chi%20Minh%20City%2C%20Vietnam!5e0!3m2!1sen!2s!4v1639120554423!5m2!1sen!2s\" width=\"600\" height=\"450\" style=\"border:0;\" allowfullscreen=\"\" loading=\"lazy\"></iframe>',200),(20,42,'Tây Nam','Sở hữu lâu dài','Mới, hiện đại',10,'<iframe src=\"https://www.google.com/maps/embed?pb=!1m18!1m12!1m3!1d501000.48737211927!2d106.37077934990376!3d11.182726442985766!2m3!1f0!2f0!3f0!3m2!1i1024!2i768!4f13.1!3m3!1m2!1s0x3174b66a8ef92879%3A0x339fda891c8d1473!2sBinh%20Duong%2C%20Vietnam!5e0!3m2!1sen!2s!4v1639119423431!5m2!1sen!2s\" width=\"600\" height=\"450\" style=\"border:0;\" allowfullscreen=\"\" loading=\"lazy\"></iframe>',100),(21,43,'Đông Nam','Sở hữu lâu dài','Full',20,'<iframe src=\"https://www.google.com/maps/embed?pb=!1m18!1m12!1m3!1d15732.687877620192!2d106.4288203!3d9.6663433!2m3!1f0!2f0!3f0!3m2!1i1024!2i768!4f13.1!3m3!1m2!1s0x31a02f4553aa1c25%3A0x8f0738d9bd6bf30b!2zVUJORCB4w6MgTmfFqSBM4bqhYw!5e0!3m2!1sen!2s!4v1637721241174!5m2!1sen!2s\" width=\"600\" height=\"450\" style=\"border:0;\" allowfullscreen=\"\" loading=\"lazy\"></iframe>',400),(22,47,'Tây Bắc','Giấy tờ đầy đủ','Full',4,'<iframe src=\"https://www.google.com/maps/embed?pb=!1m18!1m12!1m3!1d15732.687877620192!2d106.4288203!3d9.6663433!2m3!1f0!2f0!3f0!3m2!1i1024!2i768!4f13.1!3m3!1m2!1s0x31a02f4553aa1c25%3A0x8f0738d9bd6bf30b!2zVUJORCB4w6MgTmfFqSBM4bqhYw!5e0!3m2!1sen!2s!4v1637721241174!5m2!1sen!2s\" width=\"600\" height=\"450\" style=\"border:0;\" allowfullscreen=\"\" loading=\"lazy\"></iframe>',21),(23,48,'Đông Nam','Giấy tờ đầy đủ','Mới, hiện đại',5,'<iframe src=\"https://www.google.com/maps/embed?pb=!1m18!1m12!1m3!1d3930.1260734083785!2d106.34433061381577!3d9.923456877072608!2m3!1f0!2f0!3f0!3m2!1i1024!2i768!4f13.1!3m3!1m2!1s0x31a0175ea296facb%3A0x55ded92e29068221!2sTr%C3%A0%20Vinh%20University!5e0!3m2!1sen!2s!4v1639120081991!5m2!1sen!2s\" width=\"600\" height=\"450\" style=\"border:0;\" allowfullscreen=\"\" loading=\"lazy\"></iframe>',200),(24,49,'Tây Nam','Giấy tờ đầy đủ','Mới, hiện đại',2,'<iframe src=\"https://www.google.com/maps/embed?pb=!1m18!1m12!1m3!1d15732.687877620192!2d106.4288203!3d9.6663433!2m3!1f0!2f0!3f0!3m2!1i1024!2i768!4f13.1!3m3!1m2!1s0x31a02f4553aa1c25%3A0x8f0738d9bd6bf30b!2zVUJORCB4w6MgTmfFqSBM4bqhYw!5e0!3m2!1sen!2s!4v1637721241174!5m2!1sen!2s\" width=\"600\" height=\"450\" style=\"border:0;\" allowfullscreen=\"\" loading=\"lazy\"></iframe>',15),(25,50,'Đông Bắc','Sở hữu lâu dài','Mới, hiện đại',3,'<iframe src=\"https://www.google.com/maps/embed?pb=!1m18!1m12!1m3!1d3920.069345215523!2d106.70752141382212!3d10.729134963001034!2m3!1f0!2f0!3f0!3m2!1i1024!2i768!4f13.1!3m3!1m2!1s0x31752f80ec4bb809%3A0xc62cf566982e23ba!2zTmd1eeG7hW4gVsSDbiBMaW5oLCBRdeG6rW4gNywgVGjDoG5oIHBo4buRIEjhu5MgQ2jDrSBNaW5oLCBWaWV0bmFt!5e0!3m2!1sen!2s!4v1639119797360!5m2!1sen!2s\" width=\"600\" height=\"450\" style=\"border:0;\" allowfullscreen=\"\" loading=\"lazy\"></iframe>',50),(26,51,'Đông Nam','Giấy tờ đầy đủ','Mới, hiện đại',4,'<iframe src=\"https://www.google.com/maps/embed?pb=!1m18!1m12!1m3!1d62860.622740937935!2d105.72255049861742!3d10.034269633843168!2m3!1f0!2f0!3f0!3m2!1i1024!2i768!4f13.1!3m3!1m2!1s0x31a0629f6de3edb7%3A0x527f09dbfb20b659!2zQ2FuIFRobywgTmluaCBLaeG7gXUsIEPhuqduIFRoxqEsIFZpZXRuYW0!5e0!3m2!1sen!2s!4v1639122101630!5m2!1sen!2s\" width=\"600\" height=\"450\" style=\"border:0;\" allowfullscreen=\"\" loading=\"lazy\"></iframe>',50),(27,52,'Tây','Giấy tờ đầy đủ','Full',3,'<iframe src=\"https://www.google.com/maps/embed?pb=!1m18!1m12!1m3!1d62705.60475787251!2d106.61825315022315!3d10.803629841103218!2m3!1f0!2f0!3f0!3m2!1i1024!2i768!4f13.1!3m3!1m2!1s0x3175293818af3a73%3A0xcd8d16d1180acc8b!2sT%C3%A2n%20B%C3%ACnh%2C%20Ho%20Chi%20Minh%20City%2C%20Vietnam!5e0!3m2!1sen!2s!4v1639122187596!5m2!1sen!2s\" width=\"600\" height=\"450\" style=\"border:0;\" allowfullscreen=\"\" loading=\"lazy\"></iframe>',200),(28,53,'Đông Bắc','Giấy tờ đầy đủ','Full',4,'<iframe src=\"https://www.google.com/maps/embed?pb=!1m18!1m12!1m3!1d29792.45101441365!2d105.83741236681982!3d21.03043011107924!2m3!1f0!2f0!3f0!3m2!1i1024!2i768!4f13.1!3m3!1m2!1s0x3135abbf59d8f429%3A0x7830a3dfd6e566a1!2zSG_DoG4gS2nhur9tLCBIYW5vaSwgVmlldG5hbQ!5e0!3m2!1sen!2s!4v1639122354002!5m2!1sen!2s\" width=\"600\" height=\"450\" style=\"border:0;\" allowfullscreen=\"\" loading=\"lazy\"></iframe>',30),(29,54,'Tây Nam','Giấy tờ đầy đủ','Mới, hiện đại',5,'<iframe src=\"https://www.google.com/maps/embed?pb=!1m18!1m12!1m3!1d501000.48737211927!2d106.37077934990376!3d11.182726442985766!2m3!1f0!2f0!3f0!3m2!1i1024!2i768!4f13.1!3m3!1m2!1s0x3174b66a8ef92879%3A0x339fda891c8d1473!2sBinh%20Duong%2C%20Vietnam!5e0!3m2!1sen!2s!4v1639119423431!5m2!1sen!2s\" width=\"600\" height=\"450\" style=\"border:0;\" allowfullscreen=\"\" loading=\"lazy\"></iframe>',80),(30,55,'Đông Bắc','Sở hữu lâu dài','Full',40,'<iframe src=\"https://www.google.com/maps/embed?pb=!1m18!1m12!1m3!1d3924.916185419122!2d107.0800016138191!3d10.348586769776825!2m3!1f0!2f0!3f0!3m2!1i1024!2i768!4f13.1!3m3!1m2!1s0x31756fec40a8e19d%3A0x1c99e485c14b2601!2sBa%20Ria%20-%20Vung%20Tau%20University!5e0!3m2!1sen!2s!4v1639120412532!5m2!1sen!2s\" width=\"600\" height=\"450\" style=\"border:0;\" allowfullscreen=\"\" loading=\"lazy\"></iframe>',100),(31,56,'Tây Nam','Sở hữu lâu dài','Full',3,'<iframe src=\"https://www.google.com/maps/embed?pb=!1m18!1m12!1m3!1d15732.687877620192!2d106.4288203!3d9.6663433!2m3!1f0!2f0!3f0!3m2!1i1024!2i768!4f13.1!3m3!1m2!1s0x31a02f4553aa1c25%3A0x8f0738d9bd6bf30b!2zVUJORCB4w6MgTmfFqSBM4bqhYw!5e0!3m2!1sen!2s!4v1637721241174!5m2!1sen!2s\" width=\"600\" height=\"450\" style=\"border:0;\" allowfullscreen=\"\" loading=\"lazy\"></iframe>',160),(32,59,'','','',0,'',651),(34,61,'4534','43','435',435,'',20385),(35,65,'0','453','0',0,'',245979),(36,66,'0','453','0',0,'',245979),(37,67,'0','453','0',0,'',245979),(38,68,'0','453','0',0,'',245979),(39,73,'','','',0,'',20385),(40,74,'','','',0,'',20385),(41,75,'','','',0,'',20385),(42,76,'','','',0,'',20385),(43,77,'','','',0,'',20385),(44,78,'','','',0,'',20385),(45,84,'0','Sở hữu lâu dài','0',5,'<iframe src=\"https://www.google.com/maps/embed?pb=!1m18!1m12!1m3!1d1003449.685214484!2d106.13467939516357!3d10.755639046757906!2m3!1f0!2f0!3f0!3m2!1i1024!2i768!4f13.1!3m3!1m2!1s0x317529292e8d3dd1%3A0xf15f5aad773c112b!2sHo%20Chi%20Minh%20City%2C%20Vietnam!5e0!3m2!1sen!2s!4v1639548376805!5m2!1sen!2s\" width=\"600\" height=\"450\" style=\"border:0;\" allowfullscreen=\"\" loading=\"lazy\"></iframe>',100),(46,85,'0','Giấy tờ đầy đủ','0',6,'<iframe src=\"https://www.google.com/maps/embed?pb=!1m18!1m12!1m3!1d3920.069345215523!2d106.70752141382212!3d10.729134963001034!2m3!1f0!2f0!3f0!3m2!1i1024!2i768!4f13.1!3m3!1m2!1s0x31752f80ec4bb809%3A0xc62cf566982e23ba!2zTmd1eeG7hW4gVsSDbiBMaW5oLCBRdeG6rW4gNywgVGjDoG5oIHBo4buRIEjhu5MgQ2jDrSBNaW5oLCBWaWV0bmFt!5e0!3m2!1sen!2s!4v1639119797360!5m2!1sen!2s\" width=\"600\" height=\"450\" style=\"border:0;\" allowfullscreen=\"\" loading=\"lazy\"></iframe>',18),(47,86,'0','Sở hữu lâu dài','0',2,'<iframe src=\"https://www.google.com/maps/embed?pb=!1m18!1m12!1m3!1d3930.1260734083785!2d106.34433061381577!3d9.923456877072608!2m3!1f0!2f0!3f0!3m2!1i1024!2i768!4f13.1!3m3!1m2!1s0x31a0175ea296facb%3A0x55ded92e29068221!2sTr%C3%A0%20Vinh%20University!5e0!3m2!1sen!2s!4v1639120081991!5m2!1sen!2s\" width=\"600\" height=\"450\" style=\"border:0;\" allowfullscreen=\"\" loading=\"lazy\"></iframe>',32),(48,87,'0','Sở hữu lâu dài','0',3,'<iframe src=\"https://www.google.com/maps/embed?pb=!1m18!1m12!1m3!1d3924.916185419122!2d107.0800016138191!3d10.348586769776825!2m3!1f0!2f0!3f0!3m2!1i1024!2i768!4f13.1!3m3!1m2!1s0x31756fec40a8e19d%3A0x1c99e485c14b2601!2sBa%20Ria%20-%20Vung%20Tau%20University!5e0!3m2!1sen!2s!4v1639120412532!5m2!1sen!2s\" width=\"600\" height=\"450\" style=\"border:0;\" allowfullscreen=\"\" loading=\"lazy\"></iframe>',50),(49,88,'0','Giấy tờ đầy đủ','0',6,'<iframe src=\"https://www.google.com/maps/embed?pb=!1m18!1m12!1m3!1d59587.94583106255!2d105.80194388744769!3d21.022816135876386!2m3!1f0!2f0!3f0!3m2!1i1024!2i768!4f13.1!3m3!1m2!1s0x3135ab9bd9861ca1%3A0xe7887f7b72ca17a9!2zSGFub2ksIEhvw6BuIEtp4bq_bSwgSGFub2ksIFZpZXRuYW0!5e0!3m2!1sen!2s!4v1639550259057!5m2!1sen!2s\" width=\"600\" height=\"450\" style=\"border:0;\" allowfullscreen=\"\" loading=\"lazy\"></iframe>',18),(50,89,'0','Giấy tờ đầy đủ','0',0,'<iframe src=\"https://www.google.com/maps/embed?pb=!1m18!1m12!1m3!1d15732.687877620192!2d106.4288203!3d9.6663433!2m3!1f0!2f0!3f0!3m2!1i1024!2i768!4f13.1!3m3!1m2!1s0x31a02f4553aa1c25%3A0x8f0738d9bd6bf30b!2zVUJORCB4w6MgTmfFqSBM4bqhYw!5e0!3m2!1sen!2s!4v1637721241174!5m2!1sen!2s\" width=\"600\" height=\"450\" style=\"border:0;\" allowfullscreen=\"\" loading=\"lazy\"></iframe>',1000),(51,90,'0','Giấy tờ đầy đủ','0',0,'<iframe src=\"https://www.google.com/maps/embed?pb=!1m18!1m12!1m3!1d15732.687877620192!2d106.4288203!3d9.6663433!2m3!1f0!2f0!3f0!3m2!1i1024!2i768!4f13.1!3m3!1m2!1s0x31a02f4553aa1c25%3A0x8f0738d9bd6bf30b!2zVUJORCB4w6MgTmfFqSBM4bqhYw!5e0!3m2!1sen!2s!4v1637721241174!5m2!1sen!2s\" width=\"600\" height=\"450\" style=\"border:0;\" allowfullscreen=\"\" loading=\"lazy\"></iframe>',300),(52,91,'0','Giấy tờ đầy đủ','0',0,'<iframe src=\"https://www.google.com/maps/embed?pb=!1m18!1m12!1m3!1d1003449.685214484!2d106.13467939516357!3d10.755639046757906!2m3!1f0!2f0!3f0!3m2!1i1024!2i768!4f13.1!3m3!1m2!1s0x317529292e8d3dd1%3A0xf15f5aad773c112b!2sHo%20Chi%20Minh%20City%2C%20Vietnam!5e0!3m2!1sen!2s!4v1639547261959!5m2!1sen!2s\" width=\"600\" height=\"450\" style=\"border:0;\" allowfullscreen=\"\" loading=\"lazy\"></iframe>',800),(53,92,'0','Giấy tờ đầy đủ','0',0,'<iframe src=\"https://www.google.com/maps/embed?pb=!1m18!1m12!1m3!1d15732.687877620192!2d106.4288203!3d9.6663433!2m3!1f0!2f0!3f0!3m2!1i1024!2i768!4f13.1!3m3!1m2!1s0x31a02f4553aa1c25%3A0x8f0738d9bd6bf30b!2zVUJORCB4w6MgTmfFqSBM4bqhYw!5e0!3m2!1sen!2s!4v1637721241174!5m2!1sen!2s\" width=\"600\" height=\"450\" style=\"border:0;\" allowfullscreen=\"\" loading=\"lazy\"></iframe>',100),(54,93,'0','Giấy tờ đầy đủ','0',0,'<iframe src=\"https://www.google.com/maps/embed?pb=!1m18!1m12!1m3!1d1003449.685214484!2d106.13467939516357!3d10.755639046757906!2m3!1f0!2f0!3f0!3m2!1i1024!2i768!4f13.1!3m3!1m2!1s0x317529292e8d3dd1%3A0xf15f5aad773c112b!2sHo%20Chi%20Minh%20City%2C%20Vietnam!5e0!3m2!1sen!2s!4v1639547261959!5m2!1sen!2s\" width=\"600\" height=\"450\" style=\"border:0;\" allowfullscreen=\"\" loading=\"lazy\"></iframe>',1200),(55,94,'','','',0,'',1592300),(56,96,'','','',0,'',1592300),(57,97,'','','',0,'',1592300),(58,98,'','','',0,'',1592300),(59,99,'','','',0,'',1592300),(60,100,'','','',0,'',1592300),(61,101,'','','',0,'',1592300),(62,102,'','','',0,'',1592300),(63,103,'','','',0,'',1592300),(64,104,'','','',0,'',1592300),(65,105,'','','',0,'',1592300),(66,106,'','','',0,'',1592300),(67,107,'','','',0,'',1592300),(68,108,'','','',0,'',1592300),(69,109,'','','',0,'',1592300),(70,110,'Đông Nam','Giấy tờ đầy đủ','Mới, hiện đại',3,'<iframe src=\"https://www.google.com/maps/embed?pb=!1m18!1m12!1m3!1d501000.48737211927!2d106.37077934990376!3d11.182726442985766!2m3!1f0!2f0!3f0!3m2!1i1024!2i768!4f13.1!3m3!1m2!1s0x3174b66a8ef92879%3A0x339fda891c8d1473!2sBinh%20Duong%2C%20Vietnam!5e0!3m2!1sen!2s!4v1639119423431!5m2!1sen!2s\" width=\"600\" height=\"450\" style=\"border:0;\" allowfullscreen=\"\" loading=\"lazy\"></iframe>',170),(71,111,'Tây Bắc','Giấy tờ đầy đủ','Mới, hiện đại',1,'<iframe src=\"https://www.google.com/maps/embed?pb=!1m18!1m12!1m3!1d3924.916185419122!2d107.0800016138191!3d10.348586769776825!2m3!1f0!2f0!3f0!3m2!1i1024!2i768!4f13.1!3m3!1m2!1s0x31756fec40a8e19d%3A0x1c99e485c14b2601!2sBa%20Ria%20-%20Vung%20Tau%20University!5e0!3m2!1sen!2s!4v1639120412532!5m2!1sen!2s\" width=\"600\" height=\"450\" style=\"border:0;\" allowfullscreen=\"\" loading=\"lazy\"></iframe>',100),(72,112,'Tây Bắc','Giấy tờ đầy đủ','Mới, hiện đại',1,'<iframe src=\"https://www.google.com/maps/embed?pb=!1m18!1m12!1m3!1d3924.916185419122!2d107.0800016138191!3d10.348586769776825!2m3!1f0!2f0!3f0!3m2!1i1024!2i768!4f13.1!3m3!1m2!1s0x31756fec40a8e19d%3A0x1c99e485c14b2601!2sBa%20Ria%20-%20Vung%20Tau%20University!5e0!3m2!1sen!2s!4v1639120412532!5m2!1sen!2s\" width=\"600\" height=\"450\" style=\"border:0;\" allowfullscreen=\"\" loading=\"lazy\"></iframe>',100),(73,113,'Đông Nam','Sở hữu lâu dài','Full',30,'<iframe src=\"https://www.google.com/maps/embed?pb=!1m18!1m12!1m3!1d3930.1260734083785!2d106.34433061381577!3d9.923456877072608!2m3!1f0!2f0!3f0!3m2!1i1024!2i768!4f13.1!3m3!1m2!1s0x31a0175ea296facb%3A0x55ded92e29068221!2sTr%C3%A0%20Vinh%20University!5e0!3m2!1sen!2s!4v1639120081991!5m2!1sen!2s\" width=\"600\" height=\"450\" style=\"border:0;\" allowfullscreen=\"\" loading=\"lazy\"></iframe>',200),(74,114,'Đông Nam','Giấy tờ đầy đủ','0',0,'<iframe src=\"https://www.google.com/maps/embed?pb=!1m18!1m12!1m3!1d3920.069345215523!2d106.70752141382212!3d10.729134963001034!2m3!1f0!2f0!3f0!3m2!1i1024!2i768!4f13.1!3m3!1m2!1s0x31752f80ec4bb809%3A0xc62cf566982e23ba!2zTmd1eeG7hW4gVsSDbiBMaW5oLCBRdeG6rW4gNywgVGjDoG5oIHBo4buRIEjhu5MgQ2jDrSBNaW5oLCBWaWV0bmFt!5e0!3m2!1sen!2s!4v1639119797360!5m2!1sen!2s\" width=\"600\" height=\"450\" style=\"border:0;\" allowfullscreen=\"\" loading=\"lazy\"></iframe>',30),(75,115,'Đông Nam','Giấy tờ đầy đủ','Mới, hiện đại',5,'<iframe src=\"https://www.google.com/maps/embed?pb=!1m18!1m12!1m3!1d501000.48737211927!2d106.37077934990376!3d11.182726442985766!2m3!1f0!2f0!3f0!3m2!1i1024!2i768!4f13.1!3m3!1m2!1s0x3174b66a8ef92879%3A0x339fda891c8d1473!2sBinh%20Duong%2C%20Vietnam!5e0!3m2!1sen!2s!4v1639119423431!5m2!1sen!2s\" width=\"600\" height=\"450\" style=\"border:0;\" allowfullscreen=\"\" loading=\"lazy\"></iframe>',100);
/*!40000 ALTER TABLE `bt_chi_tiet` ENABLE KEYS */;
UNLOCK TABLES;

--
-- Table structure for table `danh_muc`
--

DROP TABLE IF EXISTS `danh_muc`;
/*!40101 SET @saved_cs_client     = @@character_set_client */;
/*!40101 SET character_set_client = utf8 */;
CREATE TABLE `danh_muc` (
  `id_danh_muc` int(10) NOT NULL AUTO_INCREMENT,
  `ten_danh_muc` varchar(50) NOT NULL,
  PRIMARY KEY (`id_danh_muc`)
) ENGINE=InnoDB AUTO_INCREMENT=22 DEFAULT CHARSET=utf8mb4;
/*!40101 SET character_set_client = @saved_cs_client */;

--
-- Dumping data for table `danh_muc`
--

LOCK TABLES `danh_muc` WRITE;
/*!40000 ALTER TABLE `danh_muc` DISABLE KEYS */;
INSERT INTO `danh_muc` VALUES (1,'Căn hộ cao cấp'),(2,'Chung cư'),(3,'Đất');
/*!40000 ALTER TABLE `danh_muc` ENABLE KEYS */;
UNLOCK TABLES;

--
-- Table structure for table `goi_dang_tin`
--

DROP TABLE IF EXISTS `goi_dang_tin`;
/*!40101 SET @saved_cs_client     = @@character_set_client */;
/*!40101 SET character_set_client = utf8 */;
CREATE TABLE `goi_dang_tin` (
  `id_goi_bang_tin` int(10) NOT NULL AUTO_INCREMENT,
  `ten_goi_bang_tin` varchar(50) NOT NULL,
  `gia` float NOT NULL,
  `mo_ta_goi_bang_tin` text NOT NULL,
  `ngay_cap_nhat` date NOT NULL,
  PRIMARY KEY (`id_goi_bang_tin`)
) ENGINE=InnoDB AUTO_INCREMENT=11 DEFAULT CHARSET=utf8mb4;
/*!40101 SET character_set_client = @saved_cs_client */;

--
-- Dumping data for table `goi_dang_tin`
--

LOCK TABLES `goi_dang_tin` WRITE;
/*!40000 ALTER TABLE `goi_dang_tin` DISABLE KEYS */;
INSERT INTO `goi_dang_tin` VALUES (2,'Gói vip 1',80000,'<ul>\r\n	<li>Đăng tối đa 10 b&agrave;i&nbsp;</li>\r\n</ul>\r\n\r\n<p>&nbsp;</p>\r\n','2021-11-26'),(3,'Gói vip 2',250000,'<ul>\r\n	<li>Đăng tối đa 20 b&agrave;i</li>\r\n</ul>\r\n','2021-11-26'),(8,'Gói Free',0,'<ul>\r\n	<li>Được đăng tối đa 3 tin</li>\r\n</ul>\r\n','2021-12-10'),(10,'123',10,'<p>demo1</p>\r\n','2022-08-16');
/*!40000 ALTER TABLE `goi_dang_tin` ENABLE KEYS */;
UNLOCK TABLES;

--
-- Table structure for table `hinh`
--

DROP TABLE IF EXISTS `hinh`;
/*!40101 SET @saved_cs_client     = @@character_set_client */;
/*!40101 SET character_set_client = utf8 */;
CREATE TABLE `hinh` (
  `id_hinh` int(10) NOT NULL AUTO_INCREMENT,
  `ten_hinh` varchar(50) NOT NULL,
  `ID_bai_viet` int(10) NOT NULL,
  `id_san_pham` int(10) NOT NULL,
  PRIMARY KEY (`id_hinh`),
  KEY `id_bai_viet` (`ID_bai_viet`),
  KEY `id_san_pham` (`id_san_pham`)
) ENGINE=InnoDB DEFAULT CHARSET=utf8mb4;
/*!40101 SET character_set_client = @saved_cs_client */;

--
-- Dumping data for table `hinh`
--

LOCK TABLES `hinh` WRITE;
/*!40000 ALTER TABLE `hinh` DISABLE KEYS */;
/*!40000 ALTER TABLE `hinh` ENABLE KEYS */;
UNLOCK TABLES;

--
-- Table structure for table `hoa_don`
--

DROP TABLE IF EXISTS `hoa_don`;
/*!40101 SET @saved_cs_client     = @@character_set_client */;
/*!40101 SET character_set_client = utf8 */;
CREATE TABLE `hoa_don` (
  `id_hoa_don` int(10) NOT NULL AUTO_INCREMENT,
  `ten_dang_nhap` varchar(50) NOT NULL,
  `id_goi_bang_tin` int(10) NOT NULL,
  `so_luong` int(50) NOT NULL,
  `tong_tien` varchar(10) NOT NULL,
  `ngay_mua` date NOT NULL,
  PRIMARY KEY (`id_hoa_don`),
  KEY `id_goi_ban_tin` (`id_goi_bang_tin`),
  KEY `ten_dang_nhap` (`ten_dang_nhap`)
) ENGINE=InnoDB AUTO_INCREMENT=26 DEFAULT CHARSET=utf8mb4;
/*!40101 SET character_set_client = @saved_cs_client */;

--
-- Dumping data for table `hoa_don`
--

LOCK TABLES `hoa_don` WRITE;
/*!40000 ALTER TABLE `hoa_don` DISABLE KEYS */;
INSERT INTO `hoa_don` VALUES (6,'hoangphat',2,1,'80000','2021-12-10'),(8,'hoangphat',3,1,'250000','2021-12-10'),(10,'admin',3,1,'250000','2021-12-15'),(11,'admin',3,1,'250000','2021-12-15'),(16,'admin',2,1,'80000','2022-07-19'),(17,'huynhntpc02576',3,1,'250000','2022-07-24'),(18,'admin',3,1,'250000','2022-07-27'),(19,'admin',3,1,'250000','2022-08-04'),(20,'admin',2,1,'80000','2022-08-04'),(21,'admin',3,1,'250000','2022-08-11'),(22,'admin',2,1,'80000','2022-08-13'),(23,'admin',3,1,'250000','2022-08-13'),(24,'admin',3,1,'250000','2022-08-13'),(25,'admin',3,1,'250000','2022-08-14');
/*!40000 ALTER TABLE `hoa_don` ENABLE KEYS */;
UNLOCK TABLES;

--
-- Table structure for table `khach_hang`
--

DROP TABLE IF EXISTS `khach_hang`;
/*!40101 SET @saved_cs_client     = @@character_set_client */;
/*!40101 SET character_set_client = utf8 */;
CREATE TABLE `khach_hang` (
  `ten_dang_nhap` varchar(50) NOT NULL,
  `pass` varchar(100) NOT NULL,
  `hinh` varchar(500) NOT NULL,
  `email` varchar(50) NOT NULL,
  `sdt` varchar(10) NOT NULL,
  `dia_chi` varchar(50) NOT NULL,
  `vai_tro` varchar(20) NOT NULL,
  PRIMARY KEY (`ten_dang_nhap`),
  KEY `ten_dang_nhap` (`ten_dang_nhap`)
) ENGINE=InnoDB DEFAULT CHARSET=utf8mb4;
/*!40101 SET character_set_client = @saved_cs_client */;

--
-- Dumping data for table `khach_hang`
--

LOCK TABLES `khach_hang` WRITE;
/*!40000 ALTER TABLE `khach_hang` DISABLE KEYS */;
INSERT INTO `khach_hang` VALUES ('admin','0','Trend-Avatar-Facebook.jpg','313135@31354','127','Cần Thơ','vip2'),('huynhntpc02576','25d55ad283aa400af464c76d713c07ad','','nguyentruchuynhnl@gmail.com','0907673005','Cần Thơ','vip2'),('truchuynh','e10adc3949ba59abbe56e057f20f883e','','nguyentruchuynhnl@gmail.com','0907673005','Trà Vinh','free');
/*!40000 ALTER TABLE `khach_hang` ENABLE KEYS */;
UNLOCK TABLES;

--
-- Table structure for table `lienhe`
--

DROP TABLE IF EXISTS `lienhe`;
/*!40101 SET @saved_cs_client     = @@character_set_client */;
/*!40101 SET character_set_client = utf8 */;
CREATE TABLE `lienhe` (
  `id_lien_he` int(10) NOT NULL AUTO_INCREMENT,
  `ten_dang_nhap` varchar(50) COLLATE utf8mb4_unicode_ci NOT NULL,
  `noi_dung` text COLLATE utf8mb4_unicode_ci NOT NULL,
  `trangthai` tinytext COLLATE utf8mb4_unicode_ci NOT NULL,
  PRIMARY KEY (`id_lien_he`),
  KEY `ten_khach_hang` (`ten_dang_nhap`)
) ENGINE=InnoDB AUTO_INCREMENT=6 DEFAULT CHARSET=utf8mb4 COLLATE=utf8mb4_unicode_ci;
/*!40101 SET character_set_client = @saved_cs_client */;

--
-- Dumping data for table `lienhe`
--

LOCK TABLES `lienhe` WRITE;
/*!40000 ALTER TABLE `lienhe` DISABLE KEYS */;
INSERT INTO `lienhe` VALUES (1,'admin','tôi không đăng nhập được','true'),(5,'huynhntpc02576','cần hỗ trợ bình luận','true');
/*!40000 ALTER TABLE `lienhe` ENABLE KEYS */;
UNLOCK TABLES;

--
-- Table structure for table `loai_dat`
--

DROP TABLE IF EXISTS `loai_dat`;
/*!40101 SET @saved_cs_client     = @@character_set_client */;
/*!40101 SET character_set_client = utf8 */;
CREATE TABLE `loai_dat` (
  `id_loai_dat` int(10) NOT NULL AUTO_INCREMENT,
  `ten_loai_dat` varchar(50) COLLATE utf8mb4_unicode_ci NOT NULL,
  PRIMARY KEY (`id_loai_dat`),
  KEY `id_loai_dat` (`id_loai_dat`)
) ENGINE=InnoDB AUTO_INCREMENT=10 DEFAULT CHARSET=utf8mb4 COLLATE=utf8mb4_unicode_ci;
/*!40101 SET character_set_client = @saved_cs_client */;

--
-- Dumping data for table `loai_dat`
--

LOCK TABLES `loai_dat` WRITE;
/*!40000 ALTER TABLE `loai_dat` DISABLE KEYS */;
INSERT INTO `loai_dat` VALUES (0,'Đất thổ cư'),(1,'Đất nông nghiệp'),(2,'Đất công nghiệp');
/*!40000 ALTER TABLE `loai_dat` ENABLE KEYS */;
UNLOCK TABLES;

--
-- Table structure for table `tin_da_dang`
--

DROP TABLE IF EXISTS `tin_da_dang`;
/*!40101 SET @saved_cs_client     = @@character_set_client */;
/*!40101 SET character_set_client = utf8 */;
CREATE TABLE `tin_da_dang` (
  `id_mau_tin_da_dang` int(10) NOT NULL AUTO_INCREMENT,
  `id_goi_bang_tin` int(10) NOT NULL,
  `ten_dang_nhap` varchar(50) NOT NULL,
  `id_hoa_don` int(10) NOT NULL,
  `so_mau_tin_da_dang` int(10) NOT NULL,
  PRIMARY KEY (`id_mau_tin_da_dang`),
  KEY `id_goi_ban_tin` (`id_goi_bang_tin`),
  KEY `ten_dang_nhap` (`ten_dang_nhap`),
  KEY `id_hoa_don` (`id_hoa_don`),
  CONSTRAINT `tin_da_dang_ibfk_1` FOREIGN KEY (`ten_dang_nhap`) REFERENCES `khach_hang` (`ten_dang_nhap`) ON DELETE CASCADE ON UPDATE CASCADE,
  CONSTRAINT `tin_da_dang_ibfk_2` FOREIGN KEY (`id_hoa_don`) REFERENCES `hoa_don` (`id_hoa_don`) ON DELETE CASCADE ON UPDATE CASCADE,
  CONSTRAINT `tin_da_dang_ibfk_3` FOREIGN KEY (`id_goi_bang_tin`) REFERENCES `goi_dang_tin` (`id_goi_bang_tin`) ON DELETE CASCADE ON UPDATE CASCADE
) ENGINE=InnoDB AUTO_INCREMENT=22 DEFAULT CHARSET=utf8mb4;
/*!40101 SET character_set_client = @saved_cs_client */;

--
-- Dumping data for table `tin_da_dang`
--

LOCK TABLES `tin_da_dang` WRITE;
/*!40000 ALTER TABLE `tin_da_dang` DISABLE KEYS */;
INSERT INTO `tin_da_dang` VALUES (6,3,'admin',10,11),(7,3,'admin',11,13),(12,2,'admin',16,0),(13,3,'huynhntpc02576',17,0),(14,3,'admin',18,0),(15,3,'admin',19,0),(16,2,'admin',20,1),(17,3,'admin',21,3),(18,2,'admin',22,0),(19,3,'admin',23,0),(20,3,'admin',24,1),(21,3,'admin',25,1);
/*!40000 ALTER TABLE `tin_da_dang` ENABLE KEYS */;
UNLOCK TABLES;
/*!40103 SET TIME_ZONE=@OLD_TIME_ZONE */;

/*!40101 SET SQL_MODE=@OLD_SQL_MODE */;
/*!40014 SET FOREIGN_KEY_CHECKS=@OLD_FOREIGN_KEY_CHECKS */;
/*!40014 SET UNIQUE_CHECKS=@OLD_UNIQUE_CHECKS */;
/*!40101 SET CHARACTER_SET_CLIENT=@OLD_CHARACTER_SET_CLIENT */;
/*!40101 SET CHARACTER_SET_RESULTS=@OLD_CHARACTER_SET_RESULTS */;
/*!40101 SET COLLATION_CONNECTION=@OLD_COLLATION_CONNECTION */;
/*!40111 SET SQL_NOTES=@OLD_SQL_NOTES */;

-- Dump completed on 2022-08-16 21:42:26
